time[us],accX[mg],accY[mg],accZ[mg],gyroX[mdps],gyroY[mdps],gyroZ[mdps],magnX[mG],magnY[mG],magnZ[mG],press[hPa],temp[C],hum[%RH],newData,interrupts,fsm1,fsm2,fsm3,fsm4,fsm5,fsm6,fsm7,fsm8,fsm9,fsm10,fsm11,fsm12,fsm13,fsm14,fsm15,fsm16,
830,16,-16,1005,-192,78,-476,-259,-84,16,,,,0x038,,,,,,,,,,,,,,,,,,
28438,16,-15,1006,-188,65,-481,-259,-84,16,,,,0x018,,,,,,,,,,,,,,,,,,
61603,16,-15,1006,-188,65,-481,-262,-85,13,,,,0x020,,,,,,,,,,,,,,,,,,
105903,16,-15,1005,-205,65,-468,-262,-85,13,,,,0x018,,,,,,,,,,,,,,,,,,
162471,16,-15,1005,-205,65,-468,-259,-84,13,,,,0x020,,,,,,,,,,,,,,,,,,
183670,17,-16,1005,-188,70,-498,-259,-84,13,,,,0x018,,,,,,,,,,,,,,,,,,
261210,17,-16,1005,-183,74,-498,-259,-84,13,,,,0x010,,,,,,,,,,,,,,,,,,
261839,15,-14,1005,-183,74,-498,-259,-84,13,,,,0x008,,,,,,,,,,,,,,,,,,
263685,15,-14,1005,-183,74,-498,-256,-76,15,,,,0x020,,,,,,,,,,,,,,,,,,
338984,16,-15,1005,-183,52,-503,-256,-76,15,,,,0x018,,,,,,,,,,,,,,,,,,
364551,16,-15,1005,-183,52,-503,-264,-73,10,,,,0x020,,,,,,,,,,,,,,,,,,
416446,16,-15,1005,-196,61,-507,-264,-73,10,,,,0x010,,,,,,,,,,,,,,,,,,
417075,16,-15,1006,-196,61,-507,-264,-73,10,,,,0x008,,,,,,,,,,,,,,,,,,
465424,16,-15,1006,-196,61,-507,-250,-79,7,,,,0x020,,,,,,,,,,,,,,,,,,
494221,17,-16,1005,-188,56,-511,-250,-79,7,,,,0x018,,,,,,,,,,,,,,,,,,
566595,17,-16,1005,-188,56,-511,-265,-73,10,,,,0x020,,,,,,,,,,,,,,,,,,
571684,17,-16,1005,-175,74,-503,-265,-73,10,,,,0x010,,,,,,,,,,,,,,,,,,
572313,14,-15,1005,-175,74,-503,-265,-73,10,,,,0x008,,,,,,,,,,,,,,,,,,
649234,14,-15,1005,-153,52,-507,-265,-73,10,,,,0x010,,,,,,,,,,,,,,,,,,
649863,18,-17,1005,-153,52,-507,-265,-73,10,,,,0x008,,,,,,,,,,,,,,,,,,
667515,18,-17,1005,-153,52,-507,-268,-67,13,,,,0x020,,,,,,,,,,,,,,,,,,
727010,18,-13,1005,-161,78,-433,-268,-67,13,,,,0x018,,,,,,,,,,,,,,,,,,
768381,18,-13,1005,-161,78,-433,-261,-76,7,,,,0x020,,,,,,,,,,,,,,,,,,
804473,18,-13,1005,-175,83,-472,-261,-76,7,,,,0x010,,,,,,,,,,,,,,,,,,
805102,15,-14,1006,-175,83,-472,-261,-76,7,,,,0x008,,,,,,,,,,,,,,,,,,
869256,15,-14,1006,-175,83,-472,-264,-79,6,,,,0x020,,,,,,,,,,,,,,,,,,
882248,16,-16,1005,-192,83,-494,-264,-79,6,,,,0x018,,,,,,,,,,,,,,,,,,
959787,16,-16,1005,-196,91,-494,-264,-79,6,,,,0x010,,,,,,,,,,,,,,,,,,
960416,16,-15,1005,-196,91,-494,-264,-79,6,,,,0x008,,,,,,,,,,,,,,,,,,
970470,16,-15,1005,-196,91,-494,-250,-81,22,,,,0x020,,,,,,,,,,,,,,,,,,
1037563,17,-15,1005,-188,78,-481,-250,-81,22,,,,0x018,,,,,,,,,,,,,,,,,,
1071335,17,-15,1005,-188,78,-481,-273,-79,22,,,,0x020,,,,,,,,,,,,,,,,,,
1115026,17,-15,1005,-205,91,-476,-273,-79,22,,,,0x010,,,,,,,,,,,,,,,,,,
1115655,15,-15,1005,-205,91,-476,-273,-79,22,,,,0x008,,,,,,,,,,,,,,,,,,
1172212,15,-15,1005,-205,91,-476,-258,-69,10,,,,0x020,,,,,,,,,,,,,,,,,,
1192803,14,-15,1006,-192,87,-481,-258,-69,10,,,,0x018,,,,,,,,,,,,,,,,,,
1270343,19,-15,1006,-183,70,-472,-258,-69,10,,,,0x018,,,,,,,,,,,,,,,,,,
1273418,19,-15,1006,-183,70,-472,-267,-85,4,,,,0x020,,,,,,,,,,,,,,,,,,
1348110,14,-15,1005,-166,91,-490,-267,-85,4,,,,0x018,,,,,,,,,,,,,,,,,,
1374285,14,-15,1005,-166,91,-490,-267,-81,12,,,,0x020,,,,,,,,,,,,,,,,,,
1425573,16,-15,1006,-179,65,-494,-267,-81,12,,,,0x018,,,,,,,,,,,,,,,,,,
1475454,16,-15,1006,-179,65,-494,-264,-79,6,,,,0x020,,,,,,,,,,,,,,,,,,
1503339,16,-14,1006,-179,74,-490,-264,-79,6,,,,0x018,,,,,,,,,,,,,,,,,,
1576320,16,-14,1006,-179,74,-490,-267,-76,0,,,,0x020,,,,,,,,,,,,,,,,,,
1580802,16,-14,1006,-201,78,-485,-267,-76,0,,,,0x010,,,,,,,,,,,,,,,,,,
1581431,17,-15,1005,-201,78,-485,-267,-76,0,,,,0x008,,,,,,,,,,,,,,,,,,
1658654,15,-15,1006,-179,87,-498,-267,-76,0,,,,0x018,,,,,,,,,,,,,,,,,,
1677230,15,-15,1006,-179,87,-498,-267,-73,9,,,,0x020,,,,,,,,,,,,,,,,,,
1736422,17,-15,1006,-179,61,-494,-267,-73,9,,,,0x018,,,,,,,,,,,,,,,,,,
1778402,17,-15,1006,-179,61,-494,-261,-79,9,,,,0x020,,,,,,,,,,,,,,,,,,
1813884,17,-15,1006,-170,61,-490,-261,-79,9,,,,0x010,,,,,,,,,,,,,,,,,,
1814513,17,-15,1006,-170,61,-490,-261,-79,9,,,,0x008,,,,,,,,,,,,,,,,,,
1879276,17,-15,1006,-170,61,-490,-258,-72,13,,,,0x020,,,,,,,,,,,,,,,,,,
1891660,15,-15,1006,-192,87,-472,-258,-72,13,,,,0x018,,,,,,,,,,,,,,,,,,
1969201,15,-15,1006,-192,61,-463,-258,-72,13,,,,0x010,,,,,,,,,,,,,,,,,,
1969830,17,-15,1006,-192,61,-463,-258,-72,13,,,,0x008,,,,,,,,,,,,,,,,,,
1980492,17,-15,1006,-192,61,-463,-265,-73,16,,,,0x020,,,,,,,,,,,,,,,,,,
2046977,17,-15,1006,-188,70,-494,-265,-73,16,,,,0x018,,,,,,,,,,,,,,,,,,
2081358,17,-15,1006,-188,70,-494,-262,-75,7,,,,0x020,,,,,,,,,,,,,,,,,,
2124745,20,-12,1010,-297,315,-511,-262,-75,7,,,,0x018,,,,,,,,,,,,,,,,,,
2182528,20,-12,1010,-297,315,-511,-270,-76,15,,,,0x020,,,,,,,,,,,,,,,,,,
2202510,1,-22,991,-853,1855,-2240,-270,-76,15,,,,0x018,,,,,,,,,,,,,,,,,,
2280051,26,-11,1018,516,-1715,-1706,-270,-76,15,,,,0x018,,,,,,,,,,,,,,,,,,
2283734,26,-11,1018,516,-1715,-1706,-259,-82,9,,,,0x020,,,,,,,,,,,,,,,,,,
2357819,13,-17,1003,-231,214,-498,-259,-82,9,,,,0x018,,,,,,,,,,,,,,,,,,
2384601,13,-17,1003,-231,214,-498,-268,-81,3,,,,0x020,,,,,,,,,,,,,,,,,,
2435281,13,-17,1003,-148,-13,-494,-268,-81,3,,,,0x010,,,,,,,,,,,,,,,,,,
2435910,17,-13,1007,-148,-13,-494,-268,-81,3,,,,0x008,,,,,,,,,,,,,,,,,,
2485476,17,-13,1007,-148,-13,-494,-267,-79,12,,,,0x020,,,,,,,,,,,,,,,,,,
2513057,16,-16,1004,-188,105,-494,-267,-79,12,,,,0x018,,,,,,,,,,,,,,,,,,
2586343,16,-16,1004,-188,105,-494,-264,-81,19,,,,0x020,,,,,,,,,,,,,,,,,,
2590521,16,-16,1004,-179,56,-490,-264,-81,19,,,,0x010,,,,,,,,,,,,,,,,,,
2591150,16,-16,1007,-179,56,-490,-264,-81,19,,,,0x008,,,,,,,,,,,,,,,,,,
2668373,15,-15,1005,-192,74,-476,-264,-81,19,,,,0x018,,,,,,,,,,,,,,,,,,
2687557,15,-15,1005,-192,74,-476,-271,-75,7,,,,0x020,,,,,,,,,,,,,,,,,,
2746141,16,-15,1005,-183,70,-490,-271,-75,7,,,,0x018,,,,,,,,,,,,,,,,,,
2788424,16,-15,1005,-183,70,-490,-261,-76,19,,,,0x020,,,,,,,,,,,,,,,,,,
2823604,17,-15,1006,-179,61,-490,-261,-76,19,,,,0x018,,,,,,,,,,,,,,,,,,
2889290,17,-15,1006,-179,61,-490,-267,-72,18,,,,0x020,,,,,,,,,,,,,,,,,,
2901371,15,-15,1005,-183,70,-481,-267,-72,18,,,,0x018,,,,,,,,,,,,,,,,,,
2978912,16,-14,1006,-175,61,-481,-267,-72,18,,,,0x018,,,,,,,,,,,,,,,,,,
2990194,16,-14,1006,-175,61,-481,-264,-72,16,,,,0x020,,,,,,,,,,,,,,,,,,
3056678,16,-15,1006,-183,56,-516,-264,-72,16,,,,0x018,,,,,,,,,,,,,,,,,,
3091364,16,-15,1006,-183,56,-516,-256,-84,15,,,,0x020,,,,,,,,,,,,,,,,,,
3134142,15,-15,1006,-196,65,-516,-256,-84,15,,,,0x018,,,,,,,,,,,,,,,,,,
3192230,15,-15,1006,-196,65,-516,-267,-67,16,,,,0x020,,,,,,,,,,,,,,,,,,
3211908,15,-15,1005,-183,70,-498,-267,-67,16,,,,0x018,,,,,,,,,,,,,,,,,,
3289448,16,-15,1005,-192,70,-490,-267,-67,16,,,,0x018,,,,,,,,,,,,,,,,,,
3293131,16,-15,1005,-192,70,-490,-261,-70,21,,,,0x020,,,,,,,,,,,,,,,,,,
3366910,17,-15,1006,-192,56,-507,-261,-70,21,,,,0x018,,,,,,,,,,,,,,,,,,
3393995,17,-15,1006,-192,56,-507,-253,-79,12,,,,0x020,,,,,,,,,,,,,,,,,,
3444678,15,-16,1005,-192,61,-498,-253,-79,12,,,,0x018,,,,,,,,,,,,,,,,,,
3495168,15,-16,1005,-192,61,-498,-259,-79,13,,,,0x020,,,,,,,,,,,,,,,,,,
3522142,16,-15,1006,-179,70,-498,-259,-79,13,,,,0x018,,,,,,,,,,,,,,,,,,
3596034,16,-15,1006,-179,70,-498,-255,-78,13,,,,0x020,,,,,,,,,,,,,,,,,,
3599907,16,-15,1006,-183,65,-490,-255,-78,13,,,,0x018,,,,,,,,,,,,,,,,,,
3677448,16,-15,1006,-196,70,-485,-255,-78,13,,,,0x018,,,,,,,,,,,,,,,,,,
3696936,16,-15,1006,-196,70,-485,-262,-75,9,,,,0x020,,,,,,,,,,,,,,,,,,
3755216,16,-15,1006,-188,83,-494,-262,-75,9,,,,0x018,,,,,,,,,,,,,,,,,,
3797803,16,-15,1006,-188,83,-494,-265,-85,18,,,,0x020,,,,,,,,,,,,,,,,,,
3832678,15,-16,1005,-201,65,-494,-265,-85,18,,,,0x018,,,,,,,,,,,,,,,,,,
3898669,15,-16,1005,-201,65,-494,-262,-79,18,,,,0x020,,,,,,,,,,,,,,,,,,
3910446,17,-15,1005,-183,56,-507,-262,-79,18,,,,0x018,,,,,,,,,,,,,,,,,,
3987986,17,-16,1006,-205,78,-481,-262,-79,18,,,,0x018,,,,,,,,,,,,,,,,,,
3999572,17,-16,1006,-205,78,-481,-255,-76,13,,,,0x020,,,,,,,,,,,,,,,,,,
4065449,14,-15,1006,-183,83,-481,-255,-76,13,,,,0x018,,,,,,,,,,,,,,,,,,
4100437,14,-15,1006,-183,83,-481,-253,-69,12,,,,0x020,,,,,,,,,,,,,,,,,,
4143217,16,-15,1006,-196,70,-507,-253,-69,12,,,,0x018,,,,,,,,,,,,,,,,,,
4201305,16,-15,1006,-196,70,-507,-261,-75,7,,,,0x020,,,,,,,,,,,,,,,,,,
4220680,16,-15,1006,-188,70,-511,-261,-75,7,,,,0x018,,,,,,,,,,,,,,,,,,
4298219,16,-15,1006,-183,83,-490,-261,-75,7,,,,0x010,,,,,,,,,,,,,,,,,,
4298848,15,-15,1005,-183,83,-490,-261,-75,7,,,,0x008,,,,,,,,,,,,,,,,,,
4302518,15,-15,1005,-183,83,-490,-258,-76,7,,,,0x020,,,,,,,,,,,,,,,,,,
4375993,16,-15,1005,-188,56,-498,-258,-76,7,,,,0x018,,,,,,,,,,,,,,,,,,
4403383,16,-15,1005,-188,56,-498,-255,-67,12,,,,0x020,,,,,,,,,,,,,,,,,,
4453455,16,-15,1005,-188,74,-481,-255,-67,12,,,,0x010,,,,,,,,,,,,,,,,,,
4454084,16,-15,1006,-188,74,-481,-255,-67,12,,,,0x008,,,,,,,,,,,,,,,,,,
4504257,16,-15,1006,-188,74,-481,-268,-84,12,,,,0x020,,,,,,,,,,,,,,,,,,
4531230,15,-15,1005,-192,74,-481,-268,-84,12,,,,0x018,,,,,,,,,,,,,,,,,,
4605123,15,-15,1005,-192,74,-481,-268,-76,21,,,,0x020,,,,,,,,,,,,,,,,,,
4608692,16,-15,1006,-183,74,-481,-268,-76,21,,,,0x018,,,,,,,,,,,,,,,,,,
4686232,16,-15,1006,-170,65,-498,-268,-76,21,,,,0x010,,,,,,,,,,,,,,,,,,
4686861,18,-15,1006,-170,65,-498,-268,-76,21,,,,0x008,,,,,,,,,,,,,,,,,,
4706032,18,-15,1006,-170,65,-498,-261,-81,10,,,,0x020,,,,,,,,,,,,,,,,,,
4764007,14,-13,1005,-183,83,-481,-261,-81,10,,,,0x018,,,,,,,,,,,,,,,,,,
4806898,14,-13,1005,-183,83,-481,-264,-67,19,,,,0x020,,,,,,,,,,,,,,,,,,
4841469,14,-13,1005,-175,52,-503,-264,-67,19,,,,0x010,,,,,,,,,,,,,,,,,,
4842098,17,-15,1006,-175,52,-503,-264,-67,19,,,,0x008,,,,,,,,,,,,,,,,,,
4907773,17,-15,1006,-175,52,-503,-265,-67,22,,,,0x020,,,,,,,,,,,,,,,,,,
4919246,17,-17,1006,-179,56,-525,-265,-67,22,,,,0x018,,,,,,,,,,,,,,,,,,
4996786,15,-15,1006,-188,74,-507,-265,-67,22,,,,0x018,,,,,,,,,,,,,,,,,,
5008675,15,-15,1006,-188,74,-507,-255,-75,10,,,,0x020,,,,,,,,,,,,,,,,,,
5074249,15,-15,1006,-175,65,-494,-255,-75,10,,,,0x010,,,,,,,,,,,,,,,,,,
5074878,15,-15,1006,-175,65,-494,-255,-75,10,,,,0x008,,,,,,,,,,,,,,,,,,
5109550,15,-15,1006,-175,65,-494,-255,-75,12,,,,0x020,,,,,,,,,,,,,,,,,,
5152024,17,-16,1006,-179,48,-494,-255,-75,12,,,,0x018,,,,,,,,,,,,,,,,,,
5210415,17,-16,1006,-179,48,-494,-259,-76,13,,,,0x020,,,,,,,,,,,,,,,,,,
5229790,16,-15,1006,-170,74,-503,-259,-76,13,,,,0x018,,,,,,,,,,,,,,,,,,
5307330,14,-15,1006,-192,78,-503,-259,-76,13,,,,0x018,,,,,,,,,,,,,,,,,,
5311316,14,-15,1006,-192,78,-503,-264,-73,19,,,,0x020,,,,,,,,,,,,,,,,,,
5384792,14,-15,1006,-188,39,-498,-264,-73,19,,,,0x010,,,,,,,,,,,,,,,,,,
5385421,18,-16,1006,-188,39,-498,-264,-73,19,,,,0x008,,,,,,,,,,,,,,,,,,
5412191,18,-16,1006,-188,39,-498,-261,-66,18,,,,0x020,,,,,,,,,,,,,,,,,,
5462567,16,-15,1006,-188,74,-490,-261,-66,18,,,,0x018,,,,,,,,,,,,,,,,,,
5513056,16,-15,1006,-188,74,-490,-262,-79,10,,,,0x020,,,,,,,,,,,,,,,,,,
5540030,15,-14,1005,-201,78,-494,-262,-79,10,,,,0x018,,,,,,,,,,,,,,,,,,
5614226,15,-14,1005,-201,78,-494,-262,-69,6,,,,0x020,,,,,,,,,,,,,,,,,,
5617797,16,-16,1006,-196,70,-494,-262,-69,6,,,,0x018,,,,,,,,,,,,,,,,,,
5695337,17,-15,1006,-188,65,-476,-262,-69,6,,,,0x018,,,,,,,,,,,,,,,,,,
5715129,17,-15,1006,-188,65,-476,-265,-66,19,,,,0x020,,,,,,,,,,,,,,,,,,
5772799,17,-15,1006,-192,74,-490,-265,-66,19,,,,0x010,,,,,,,,,,,,,,,,,,
5773428,15,-15,1005,-192,74,-490,-265,-66,19,,,,0x008,,,,,,,,,,,,,,,,,,
5816003,15,-15,1005,-192,74,-490,-267,-61,15,,,,0x020,,,,,,,,,,,,,,,,,,
5850575,15,-15,1006,-179,65,-503,-267,-61,15,,,,0x018,,,,,,,,,,,,,,,,,,
5916870,15,-15,1006,-179,65,-503,-267,-73,21,,,,0x020,,,,,,,,,,,,,,,,,,
5928039,15,-15,1006,-192,56,-511,-267,-73,21,,,,0x010,,,,,,,,,,,,,,,,,,
5928668,17,-15,1006,-192,56,-511,-267,-73,21,,,,0x008,,,,,,,,,,,,,,,,,,
6005891,15,-15,1006,-183,83,-490,-267,-73,21,,,,0x018,,,,,,,,,,,,,,,,,,
6017781,15,-15,1006,-183,83,-490,-258,-66,15,,,,0x020,,,,,,,,,,,,,,,,,,
6083355,16,-15,1006,-188,61,-503,-258,-66,15,,,,0x018,,,,,,,,,,,,,,,,,,
6118648,16,-15,1006,-188,61,-503,-270,-69,13,,,,0x020,,,,,,,,,,,,,,,,,,
6161122,16,-15,1006,-183,56,-503,-270,-69,13,,,,0x018,,,,,,,,,,,,,,,,,,
6219513,16,-15,1006,-183,56,-503,-258,-70,18,,,,0x020,,,,,,,,,,,,,,,,,,
6238584,16,-16,1006,-183,52,-507,-258,-70,18,,,,0x018,,,,,,,,,,,,,,,,,,
6316125,16,-16,1006,-183,56,-503,-258,-70,18,,,,0x010,,,,,,,,,,,,,,,,,,
6316754,15,-15,1006,-183,56,-503,-258,-70,18,,,,0x008,,,,,,,,,,,,,,,,,,
6320425,15,-15,1006,-183,56,-503,-268,-69,18,,,,0x020,,,,,,,,,,,,,,,,,,
6393901,16,-15,1006,-183,48,-498,-268,-69,18,,,,0x018,,,,,,,,,,,,,,,,,,
6421291,16,-15,1006,-183,48,-498,-259,-67,19,,,,0x020,,,,,,,,,,,,,,,,,,
6471364,16,-15,1006,-192,70,-498,-259,-67,19,,,,0x018,,,,,,,,,,,,,,,,,,
6522159,16,-15,1006,-192,70,-498,-258,-64,16,,,,0x020,,,,,,,,,,,,,,,,,,
6548828,16,-15,1006,-166,70,-494,-258,-64,16,,,,0x010,,,,,,,,,,,,,,,,,,
6549457,15,-15,1006,-166,70,-494,-258,-64,16,,,,0x008,,,,,,,,,,,,,,,,,,
6623034,15,-15,1006,-166,70,-494,-259,-72,7,,,,0x020,,,,,,,,,,,,,,,,,,
6626604,16,-15,1005,-183,56,-490,-259,-72,7,,,,0x018,,,,,,,,,,,,,,,,,,
6704144,16,-15,1005,-179,74,-498,-259,-72,7,,,,0x018,,,,,,,,,,,,,,,,,,
6723935,16,-15,1005,-179,74,-498,-265,-67,3,,,,0x020,,,,,,,,,,,,,,,,,,
6781607,16,-15,1005,-21,-192,-498,-265,-67,3,,,,0x010,,,,,,,,,,,,,,,,,,
6782236,6,-19,992,-21,-192,-498,-265,-67,3,,,,0x008,,,,,,,,,,,,,,,,,,
6824811,6,-19,992,-21,-192,-498,-261,-85,18,,,,0x020,,,,,,,,,,,,,,,,,,
6859383,22,17,1018,13479,-1203,-1745,-261,-85,18,,,,0x018,,,,,,,,,,,,,,,,,,
6925981,22,17,1018,13479,-1203,-1745,-271,-72,27,,,,0x020,,,,,,,,,,,,,,,,,,
6936846,22,17,1018,-1211,1728,-10871,-271,-72,27,,,,0x010,,,,,,,,,,,,,,,,,,
6937475,35,12,998,-1211,1728,-10871,-271,-72,27,,,,0x008,,,,,,,,,,,,,,,,,,
7014396,35,12,998,-13125,153,-6558,-271,-72,27,,,,0x010,,,,,,,,,,,,,,,,,,
7015025,-2,-36,987,-13125,153,-6558,-271,-72,27,,,,0x008,,,,,,,,,,,,,,,,,,
7026903,-2,-36,987,-13125,153,-6558,-268,-76,13,,,,0x020,,,,,,,,,,,,,,,,,,
7092174,22,-12,1015,-258,105,-1041,-268,-76,13,,,,0x018,,,,,,,,,,,,,,,,,,
7127770,22,-12,1015,-258,105,-1041,-262,-61,16,,,,0x020,,,,,,,,,,,,,,,,,,
7169636,22,-12,1015,-249,245,-931,-262,-61,16,,,,0x010,,,,,,,,,,,,,,,,,,
7170265,13,-17,1001,-249,245,-931,-262,-61,16,,,,0x008,,,,,,,,,,,,,,,,,,
7228646,13,-17,1001,-249,245,-931,-261,-66,13,,,,0x020,,,,,,,,,,,,,,,,,,
7247413,17,-13,1008,-70,-231,-525,-261,-66,13,,,,0x018,,,,,,,,,,,,,,,,,,
7324954,12,-6,1006,-188,-48,-4011,-261,-66,13,,,,0x018,,,,,,,,,,,,,,,,,,
7329548,12,-6,1006,-188,-48,-4011,-276,-84,22,,,,0x020,,,,,,,,,,,,,,,,,,
7402415,12,-6,1006,-875,1058,-3005,-276,-84,22,,,,0x010,,,,,,,,,,,,,,,,,,
7403044,10,-17,1005,-875,1058,-3005,-276,-84,22,,,,0x008,,,,,,,,,,,,,,,,,,
7430423,10,-17,1005,-875,1058,-3005,-268,-76,19,,,,0x020,,,,,,,,,,,,,,,,,,
7480191,31,-25,1009,-1010,-2695,-3233,-268,-76,19,,,,0x018,,,,,,,,,,,,,,,,,,
7531288,31,-25,1009,-1010,-2695,-3233,-262,-66,9,,,,0x020,,,,,,,,,,,,,,,,,,
7557653,31,-25,1009,-1382,-4401,-39,-262,-66,9,,,,0x010,,,,,,,,,,,,,,,,,,
7558282,21,-22,1001,-1382,-4401,-39,-262,-66,9,,,,0x008,,,,,,,,,,,,,,,,,,
7632162,21,-22,1001,-1382,-4401,-39,-225,-66,21,,,,0x020,,,,,,,,,,,,,,,,,,
7635428,18,-36,1003,-1977,-30082,8045,-225,-66,21,,,,0x018,,,,,,,,,,,,,,,,,,
7712968,18,-36,1003,-4501,-75932,12175,-225,-66,21,,,,0x010,,,,,,,,,,,,,,,,,,
7713596,165,-31,979,-4501,-75932,12175,-225,-66,21,,,,0x008,,,,,,,,,,,,,,,,,,
7733072,165,-31,979,-4501,-75932,12175,-136,-72,31,,,,0x020,,,,,,,,,,,,,,,,,,
7790742,286,-32,972,-1102,-91831,14441,-136,-72,31,,,,0x018,,,,,,,,,,,,,,,,,,
7833938,286,-32,972,-1102,-91831,14441,-58,-60,46,,,,0x020,,,,,,,,,,,,,,,,,,
7868205,286,-32,972,-433,-74620,12530,-58,-60,46,,,,0x010,,,,,,,,,,,,,,,,,,
7868834,377,-50,923,-433,-74620,12530,-58,-60,46,,,,0x008,,,,,,,,,,,,,,,,,,
7935117,377,-50,923,-433,-74620,12530,22,-58,88,,,,0x020,,,,,,,,,,,,,,,,,,
7945982,470,-43,900,1273,-75455,12656,22,-58,88,,,,0x018,,,,,,,,,,,,,,,,,,
8023522,470,-43,900,345,-65992,9178,22,-58,88,,,,0x010,,,,,,,,,,,,,,,,,,
8024151,544,-58,842,345,-65992,9178,22,-58,88,,,,0x008,,,,,,,,,,,,,,,,,,
8036029,544,-58,842,345,-65992,9178,75,-63,132,,,,0x020,,,,,,,,,,,,,,,,,,
8101299,629,-78,793,2804,-69125,10583,75,-63,132,,,,0x018,,,,,,,,,,,,,,,,,,
8136895,629,-78,793,2804,-69125,10583,129,-58,186,,,,0x020,,,,,,,,,,,,,,,,,,
8178761,629,-78,793,5556,-71128,13641,129,-58,186,,,,0x010,,,,,,,,,,,,,,,,,,
8179390,686,-56,744,5556,-71128,13641,129,-58,186,,,,0x008,,,,,,,,,,,,,,,,,,
8238074,686,-56,744,5556,-71128,13641,166,-52,234,,,,0x020,,,,,,,,,,,,,,,,,,
8256538,746,-78,662,7433,-72222,13155,166,-52,234,,,,0x018,,,,,,,,,,,,,,,,,,
8334078,746,-78,662,6886,-98511,13308,166,-52,234,,,,0x010,,,,,,,,,,,,,,,,,,
8334707,827,-92,581,6886,-98511,13308,166,-52,234,,,,0x008,,,,,,,,,,,,,,,,,,
8338986,827,-92,581,6886,-98511,13308,216,-48,346,,,,0x020,,,,,,,,,,,,,,,,,,
8411855,930,-63,535,4335,-92885,6593,216,-48,346,,,,0x018,,,,,,,,,,,,,,,,,,
8439852,930,-63,535,4335,-92885,6593,244,-46,408,,,,0x020,,,,,,,,,,,,,,,,,,
8489318,921,-86,423,-2078,-40499,-2677,244,-46,408,,,,0x018,,,,,,,,,,,,,,,,,,
8540719,921,-86,423,-2078,-40499,-2677,255,-55,450,,,,0x020,,,,,,,,,,,,,,,,,,
8567083,966,-80,380,-3185,-38198,-3618,255,-55,450,,,,0x018,,,,,,,,,,,,,,,,,,
8641583,966,-80,380,-3185,-38198,-3618,250,-61,487,,,,0x020,,,,,,,,,,,,,,,,,,
8644545,966,-80,380,-2607,-35214,-2091,250,-61,487,,,,0x010,,,,,,,,,,,,,,,,,,
8645173,974,-78,343,-2607,-35214,-2091,250,-61,487,,,,0x008,,,,,,,,,,,,,,,,,,
8722093,974,-78,343,-494,-6571,-1133,250,-61,487,,,,0x010,,,,,,,,,,,,,,,,,,
8722722,959,-84,338,-494,-6571,-1133,250,-61,487,,,,0x008,,,,,,,,,,,,,,,,,,
8742501,959,-84,338,-494,-6571,-1133,259,-69,483,,,,0x020,,,,,,,,,,,,,,,,,,
8799867,988,-101,281,-1653,-9296,-3714,259,-69,483,,,,0x018,,,,,,,,,,,,,,,,,,
8843669,988,-101,281,-1653,-9296,-3714,252,-60,475,,,,0x020,,,,,,,,,,,,,,,,,,
8877330,988,-101,281,822,599,-319,252,-60,475,,,,0x010,,,,,,,,,,,,,,,,,,
8877959,967,-72,334,822,599,-319,252,-60,475,,,,0x008,,,,,,,,,,,,,,,,,,
8944545,967,-72,334,822,599,-319,255,-64,486,,,,0x020,,,,,,,,,,,,,,,,,,
8955105,976,-78,323,-424,1115,-1295,255,-64,486,,,,0x018,,,,,,,,,,,,,,,,,,
9032645,978,-84,309,-201,-105,-463,255,-64,486,,,,0x018,,,,,,,,,,,,,,,,,,
9045446,978,-84,309,-201,-105,-463,258,-64,489,,,,0x020,,,,,,,,,,,,,,,,,,
9110412,974,-80,320,258,389,-328,258,-64,489,,,,0x018,,,,,,,,,,,,,,,,,,
9146313,974,-80,320,258,389,-328,253,-61,490,,,,0x020,,,,,,,,,,,,,,,,,,
9187874,974,-79,320,-284,26,-376,253,-61,490,,,,0x018,,,,,,,,,,,,,,,,,,
9247178,974,-79,320,-284,26,-376,253,-61,493,,,,0x020,,,,,,,,,,,,,,,,,,
9265336,974,-79,320,78,74,-332,253,-61,493,,,,0x010,,,,,,,,,,,,,,,,,,
9265965,976,-81,315,78,74,-332,253,-61,493,,,,0x008,,,,,,,,,,,,,,,,,,
9343189,974,-80,322,630,949,-371,253,-61,493,,,,0x018,,,,,,,,,,,,,,,,,,
9348087,974,-80,322,630,949,-371,259,-51,490,,,,0x020,,,,,,,,,,,,,,,,,,
9420652,976,-86,316,-494,245,-354,259,-51,490,,,,0x018,,,,,,,,,,,,,,,,,,
9449257,976,-86,316,-494,245,-354,252,-69,483,,,,0x020,,,,,,,,,,,,,,,,,,
9498114,976,-86,316,901,12250,367,252,-69,483,,,,0x010,,,,,,,,,,,,,,,,,,
9498743,1011,-79,334,901,12250,367,252,-69,483,,,,0x008,,,,,,,,,,,,,,,,,,
9550132,1011,-79,334,901,12250,367,235,-52,412,,,,0x020,,,,,,,,,,,,,,,,,,
9575889,965,-92,389,669,62335,-1793,235,-52,412,,,,0x018,,,,,,,,,,,,,,,,,,
9650998,965,-92,389,669,62335,-1793,217,-55,345,,,,0x020,,,,,,,,,,,,,,,,,,
9653352,965,-92,389,-1881,76912,-2940,217,-55,345,,,,0x010,,,,,,,,,,,,,,,,,,
9653981,863,-63,486,-1881,76912,-2940,217,-55,345,,,,0x008,,,,,,,,,,,,,,,,,,
9730901,863,-63,486,-288,43273,-1767,217,-55,345,,,,0x010,,,,,,,,,,,,,,,,,,
9731530,869,-76,562,-288,43273,-1767,217,-55,345,,,,0x008,,,,,,,,,,,,,,,,,,
9751917,869,-76,562,-288,43273,-1767,210,-54,297,,,,0x020,,,,,,,,,,,,,,,,,,
9808677,842,-73,613,-2493,64378,-3631,210,-54,297,,,,0x018,,,,,,,,,,,,,,,,,,
9852785,842,-73,613,-2493,64378,-3631,148,-45,217,,,,0x020,,,,,,,,,,,,,,,,,,
9886139,842,-73,613,-2108,87924,-7350,148,-45,217,,,,0x010,,,,,,,,,,,,,,,,,,
9886768,739,-73,683,-2108,87924,-7350,148,-45,217,,,,0x008,,,,,,,,,,,,,,,,,,
9953659,739,-73,683,-2108,87924,-7350,91,-66,162,,,,0x020,,,,,,,,,,,,,,,,,,
9963916,657,-58,773,1999,83195,-4812,91,-66,162,,,,0x018,,,,,,,,,,,,,,,,,,
10041456,568,-51,837,-428,88313,-8102,91,-66,162,,,,0x018,,,,,,,,,,,,,,,,,,
10054561,568,-51,837,-428,88313,-8102,19,-64,97,,,,0x020,,,,,,,,,,,,,,,,,,
10119221,483,-51,884,2065,79769,-6671,19,-64,97,,,,0x018,,,,,,,,,,,,,,,,,,
10155425,483,-51,884,2065,79769,-6671,-52,-57,79,,,,0x020,,,,,,,,,,,,,,,,,,
10196684,357,-27,942,3578,88055,-5311,-52,-57,79,,,,0x018,,,,,,,,,,,,,,,,,,
10256293,357,-27,942,3578,88055,-5311,-145,-70,45,,,,0x020,,,,,,,,,,,,,,,,,,
10274452,250,-50,944,5713,94438,-5648,-145,-70,45,,,,0x018,,,,,,,,,,,,,,,,,,
10351992,151,-11,1001,8601,65336,52,-145,-70,45,,,,0x018,,,,,,,,,,,,,,,,,,
10357498,151,-11,1001,8601,65336,52,-199,-67,39,,,,0x020,,,,,,,,,,,,,,,,,,
10429454,151,-11,1001,4221,70647,-2646,-199,-67,39,,,,0x010,,,,,,,,,,,,,,,,,,
10430083,19,-24,973,4221,70647,-2646,-199,-67,39,,,,0x008,,,,,,,,,,,,,,,,,,
10458373,19,-24,973,4221,70647,-2646,-241,-66,37,,,,0x020,,,,,,,,,,,,,,,,,,
10507229,42,13,1039,3570,15710,-39,-241,-66,37,,,,0x018,,,,,,,,,,,,,,,,,,
10559239,42,13,1039,3570,15710,-39,-246,-81,39,,,,0x020,,,,,,,,,,,,,,,,,,
10584692,42,13,1039,8176,8316,691,-246,-81,39,,,,0x010,,,,,,,,,,,,,,,,,,
10585321,29,-10,1001,8176,8316,691,-246,-81,39,,,,0x008,,,,,,,,,,,,,,,,,,
10660112,29,-10,1001,8176,8316,691,-247,-85,34,,,,0x020,,,,,,,,,,,,,,,,,,
10662467,3,52,1005,8981,6059,2065,-247,-85,34,,,,0x018,,,,,,,,,,,,,,,,,,
10740007,3,52,1005,-9865,35,-15588,-247,-85,34,,,,0x010,,,,,,,,,,,,,,,,,,
10740636,12,52,1015,-9865,35,-15588,-247,-85,34,,,,0x008,,,,,,,,,,,,,,,,,,
10761023,12,52,1015,-9865,35,-15588,-246,-66,27,,,,0x020,,,,,,,,,,,,,,,,,,
10817784,46,-110,983,-15693,-529,-28083,-246,-66,27,,,,0x018,,,,,,,,,,,,,,,,,,
10862195,46,-110,983,-15693,-529,-28083,-241,-69,34,,,,0x020,,,,,,,,,,,,,,,,,,
10895247,46,-110,983,4650,-3132,6006,-241,-69,34,,,,0x010,,,,,,,,,,,,,,,,,,
10895876,5,44,1006,4650,-3132,6006,-241,-69,34,,,,0x008,,,,,,,,,,,,,,,,,,
10963070,5,44,1006,4650,-3132,6006,-256,-79,37,,,,0x020,,,,,,,,,,,,,,,,,,
10973023,34,-33,1002,11287,1776,-13308,-256,-79,37,,,,0x018,,,,,,,,,,,,,,,,,,
11050563,15,28,1037,24928,4458,2226,-256,-79,37,,,,0x018,,,,,,,,,,,,,,,,,,
11063972,15,28,1037,24928,4458,2226,-258,-100,48,,,,0x020,,,,,,,,,,,,,,,,,,
11128025,15,28,1037,35288,2493,7485,-258,-100,48,,,,0x010,,,,,,,,,,,,,,,,,,
11128654,13,77,1024,35288,2493,7485,-258,-100,48,,,,0x008,,,,,,,,,,,,,,,,,,
11164846,13,77,1024,35288,2493,7485,-258,-141,72,,,,0x020,,,,,,,,,,,,,,,,,,
11205801,28,139,1012,47184,-1080,3701,-258,-141,72,,,,0x018,,,,,,,,,,,,,,,,,,
11265712,28,139,1012,47184,-1080,3701,-256,-192,94,,,,0x020,,,,,,,,,,,,,,,,,,
11283263,28,139,1012,63328,2060,2104,-256,-192,94,,,,0x010,,,,,,,,,,,,,,,,,,
11283892,23,246,989,63328,2060,2104,-256,-192,94,,,,0x008,,,,,,,,,,,,,,,,,,
11361117,1,314,960,79178,1474,-1968,-256,-192,94,,,,0x018,,,,,,,,,,,,,,,,,,
11366926,1,314,960,79178,1474,-1968,-261,-246,136,,,,0x020,,,,,,,,,,,,,,,,,,
11438578,21,434,897,89836,-402,-7021,-261,-246,136,,,,0x018,,,,,,,,,,,,,,,,,,
11467791,21,434,897,89836,-402,-7021,-274,-306,205,,,,0x020,,,,,,,,,,,,,,,,,,
11516041,21,434,897,95353,2520,-1373,-274,-306,205,,,,0x010,,,,,,,,,,,,,,,,,,
11516669,4,563,818,95353,2520,-1373,-274,-306,205,,,,0x008,,,,,,,,,,,,,,,,,,
11568668,4,563,818,95353,2520,-1373,-279,-351,270,,,,0x020,,,,,,,,,,,,,,,,,,
11593817,2,652,731,98455,1098,-1273,-279,-351,270,,,,0x018,,,,,,,,,,,,,,,,,,
11669533,2,652,731,98455,1098,-1273,-276,-387,349,,,,0x020,,,,,,,,,,,,,,,,,,
11671279,2,652,731,96989,4305,1815,-276,-387,349,,,,0x010,,,,,,,,,,,,,,,,,,
11671908,13,733,670,96989,4305,1815,-276,-387,349,,,,0x008,,,,,,,,,,,,,,,,,,
11748828,13,733,670,96521,2288,-1365,-276,-387,349,,,,0x010,,,,,,,,,,,,,,,,,,
11749457,-14,804,571,96521,2288,-1365,-276,-387,349,,,,0x008,,,,,,,,,,,,,,,,,,
11770452,-14,804,571,96521,2288,-1365,-277,-420,448,,,,0x020,,,,,,,,,,,,,,,,,,
11826603,14,854,502,95283,-12565,-10740,-277,-420,448,,,,0x018,,,,,,,,,,,,,,,,,,
11871621,14,854,502,95283,-12565,-10740,-292,-429,519,,,,0x020,,,,,,,,,,,,,,,,,,
11904065,14,854,502,87587,-10933,-8111,-292,-429,519,,,,0x010,,,,,,,,,,,,,,,,,,
11904694,0,900,413,87587,-10933,-8111,-292,-429,519,,,,0x008,,,,,,,,,,,,,,,,,,
11972495,0,900,413,87587,-10933,-8111,-295,-432,604,,,,0x020,,,,,,,,,,,,,,,,,,
11981839,11,957,274,75355,-752,-1435,-295,-432,604,,,,0x018,,,,,,,,,,,,,,,,,,
12059379,-2,992,140,73368,6785,1036,-295,-432,604,,,,0x018,,,,,,,,,,,,,,,,,,
12073395,-2,992,140,73368,6785,1036,-279,-432,666,,,,0x020,,,,,,,,,,,,,,,,,,
12137144,2,998,75,62295,3119,-1098,-279,-432,666,,,,0x018,,,,,,,,,,,,,,,,,,
12174564,2,998,75,62295,3119,-1098,-282,-426,705,,,,0x020,,,,,,,,,,,,,,,,,,
12214606,4,903,-11,47420,1400,-1868,-282,-426,705,,,,0x018,,,,,,,,,,,,,,,,,,
12275430,4,903,-11,47420,1400,-1868,-277,-432,738,,,,0x020,,,,,,,,,,,,,,,,,,
12292374,-5,1126,-24,23786,870,-875,-277,-432,738,,,,0x018,,,,,,,,,,,,,,,,,,
12369915,1,1015,-44,7861,415,122,-277,-432,738,,,,0x018,,,,,,,,,,,,,,,,,,
12376333,1,1015,-44,7861,415,122,-268,-430,738,,,,0x020,,,,,,,,,,,,,,,,,,
12447378,1,1015,-44,-4904,-231,-91,-268,-430,738,,,,0x010,,,,,,,,,,,,,,,,,,
12448007,4,995,6,-4904,-231,-91,-268,-430,738,,,,0x008,,,,,,,,,,,,,,,,,,
12477512,4,995,6,-4904,-231,-91,-277,-435,732,,,,0x020,,,,,,,,,,,,,,,,,,
12525153,0,1008,-24,-1697,-13,-743,-277,-435,732,,,,0x018,,,,,,,,,,,,,,,,,,
12578378,0,1008,-24,-1697,-13,-743,-280,-424,723,,,,0x020,,,,,,,,,,,,,,,,,,
12602616,0,1008,-24,-7481,-183,-507,-280,-424,723,,,,0x010,,,,,,,,,,,,,,,,,,
12603245,1,1000,5,-7481,-183,-507,-280,-424,723,,,,0x008,,,,,,,,,,,,,,,,,,
12679253,1,1000,5,-7481,-183,-507,-274,-430,717,,,,0x020,,,,,,,,,,,,,,,,,,
12680393,0,999,12,-5665,-17,-774,-274,-430,717,,,,0x018,,,,,,,,,,,,,,,,,,
12757933,0,999,12,-2791,-26,-420,-274,-430,717,,,,0x010,,,,,,,,,,,,,,,,,,
12758562,0,1001,13,-2791,-26,-420,-274,-430,717,,,,0x008,,,,,,,,,,,,,,,,,,
12780469,0,1001,13,-2791,-26,-420,-276,-424,711,,,,0x020,,,,,,,,,,,,,,,,,,
12835710,0,1002,12,-966,-56,-135,-276,-424,711,,,,0x018,,,,,,,,,,,,,,,,,,
12881336,0,1002,12,-966,-56,-135,-277,-430,724,,,,0x020,,,,,,,,,,,,,,,,,,
12913172,0,1002,12,-608,-87,-288,-277,-430,724,,,,0x010,,,,,,,,,,,,,,,,,,
12913800,2,1003,11,-608,-87,-288,-277,-430,724,,,,0x008,,,,,,,,,,,,,,,,,,
12982513,2,1003,11,-608,-87,-288,-274,-432,718,,,,0x020,,,,,,,,,,,,,,,,,,
12990946,1,1003,13,-1168,-70,-546,-274,-432,718,,,,0x018,,,,,,,,,,,,,,,,,,
13068485,1,1003,13,-2393,70,-621,-274,-432,718,,,,0x010,,,,,,,,,,,,,,,,,,
13069114,0,1000,21,-2393,70,-621,-274,-432,718,,,,0x008,,,,,,,,,,,,,,,,,,
13083423,0,1000,21,-2393,70,-621,-285,-430,708,,,,0x020,,,,,,,,,,,,,,,,,,
13146261,0,1000,20,-520,43,-415,-285,-430,708,,,,0x018,,,,,,,,,,,,,,,,,,
13184593,0,1000,20,-520,43,-415,-282,-423,727,,,,0x020,,,,,,,,,,,,,,,,,,
13223724,0,1000,20,1338,-13,-210,-282,-423,727,,,,0x010,,,,,,,,,,,,,,,,,,
13224353,2,1004,12,1338,-13,-210,-282,-423,727,,,,0x008,,,,,,,,,,,,,,,,,,
13285469,2,1004,12,1338,-13,-210,-280,-450,706,,,,0x020,,,,,,,,,,,,,,,,,,
13301500,3,1003,15,-700,-17,-385,-280,-450,706,,,,0x018,,,,,,,,,,,,,,,,,,
13379041,0,1000,20,-1303,118,-813,-280,-450,706,,,,0x018,,,,,,,,,,,,,,,,,,
13386371,0,1000,20,-1303,118,-813,-274,-439,712,,,,0x020,,,,,,,,,,,,,,,,,,
13456503,0,1000,20,857,39,-398,-274,-439,712,,,,0x010,,,,,,,,,,,,,,,,,,
13457132,1,1002,16,857,39,-398,-274,-439,712,,,,0x008,,,,,,,,,,,,,,,,,,
13487548,1,1002,16,857,39,-398,-273,-432,714,,,,0x020,,,,,,,,,,,,,,,,,,
13534277,2,1003,12,1680,0,-350,-273,-432,714,,,,0x018,,,,,,,,,,,,,,,,,,
13588414,2,1003,12,1680,0,-350,-276,-436,714,,,,0x020,,,,,,,,,,,,,,,,,,
13611740,2,1003,12,-507,83,-428,-276,-436,714,,,,0x010,,,,,,,,,,,,,,,,,,
13612369,1,1003,12,-507,83,-428,-276,-436,714,,,,0x008,,,,,,,,,,,,,,,,,,
13689290,1,1003,12,-507,83,-428,-274,-427,718,,,,0x020,,,,,,,,,,,,,,,,,,
13689819,1,1001,15,-1028,122,-551,-274,-427,718,,,,0x018,,,,,,,,,,,,,,,,,,
13767058,3,1001,16,918,30,-463,-274,-427,718,,,,0x018,,,,,,,,,,,,,,,,,,
13790193,3,1001,16,918,30,-463,-273,-432,712,,,,0x020,,,,,,,,,,,,,,,,,,
13844521,3,1001,16,927,113,-560,-273,-432,712,,,,0x010,,,,,,,,,,,,,,,,,,
13845150,0,1002,11,927,113,-560,-273,-432,712,,,,0x008,,,,,,,,,,,,,,,,,,
13891068,0,1002,11,927,113,-560,-277,-442,721,,,,0x020,,,,,,,,,,,,,,,,,,
13922297,2,1002,11,993,70,-231,-277,-442,721,,,,0x018,,,,,,,,,,,,,,,,,,
13992238,2,1002,11,993,70,-231,-274,-430,732,,,,0x020,,,,,,,,,,,,,,,,,,
13999759,2,1002,11,2388,87,-293,-274,-430,732,,,,0x010,,,,,,,,,,,,,,,,,,
14000388,3,1002,8,2388,87,-293,-274,-430,732,,,,0x008,,,,,,,,,,,,,,,,,,
14077309,3,1002,8,634,126,-595,-274,-430,732,,,,0x010,,,,,,,,,,,,,,,,,,
14077937,2,1005,0,634,126,-595,-274,-430,732,,,,0x008,,,,,,,,,,,,,,,,,,
14093158,2,1005,0,634,126,-595,-277,-427,729,,,,0x020,,,,,,,,,,,,,,,,,,
14155084,1,1002,10,-2826,100,-678,-277,-427,729,,,,0x018,,,,,,,,,,,,,,,,,,
14194024,1,1002,10,-2826,100,-678,-274,-435,726,,,,0x020,,,,,,,,,,,,,,,,,,
14232548,1,1002,10,-1386,118,-651,-274,-435,726,,,,0x010,,,,,,,,,,,,,,,,,,
14233177,2,1000,16,-1386,118,-651,-274,-435,726,,,,0x008,,,,,,,,,,,,,,,,,,
14295205,2,1000,16,-1386,118,-651,-271,-436,709,,,,0x020,,,,,,,,,,,,,,,,,,
14310324,1,1002,10,835,144,-669,-271,-436,709,,,,0x018,,,,,,,,,,,,,,,,,,
14387865,1,1002,10,17,105,-433,-271,-436,709,,,,0x010,,,,,,,,,,,,,,,,,,
14388494,0,1004,5,17,105,-433,-271,-436,709,,,,0x008,,,,,,,,,,,,,,,,,,
14396116,0,1004,5,17,105,-433,-273,-429,717,,,,0x020,,,,,,,,,,,,,,,,,,
14465640,1,1002,12,-1404,65,-472,-273,-429,717,,,,0x018,,,,,,,,,,,,,,,,,,
14496982,1,1002,12,-1404,65,-472,-268,-444,712,,,,0x020,,,,,,,,,,,,,,,,,,
14543103,1,1002,12,-1382,43,-481,-268,-444,712,,,,0x010,,,,,,,,,,,,,,,,,,
14543731,2,1002,13,-1382,43,-481,-268,-444,712,,,,0x008,,,,,,,,,,,,,,,,,,
14598159,2,1002,13,-1382,43,-481,-268,-430,699,,,,0x020,,,,,,,,,,,,,,,,,,
14620877,1,1002,14,-1098,48,-485,-268,-430,699,,,,0x018,,,,,,,,,,,,,,,,,,
14698417,1,1002,14,-555,65,-560,-268,-430,699,,,,0x010,,,,,,,,,,,,,,,,,,
14699045,1,1002,14,-555,65,-560,-271,-441,727,,,,0x028,,,,,,,,,,,,,,,,,,
14776183,1,1004,11,-726,65,-490,-271,-441,727,,,,0x018,,,,,,,,,,,,,,,,,,
14800230,1,1004,11,-726,65,-490,-271,-435,717,,,,0x020,,,,,,,,,,,,,,,,,,
14853646,1,1004,11,-1697,56,-463,-271,-435,717,,,,0x010,,,,,,,,,,,,,,,,,,
14854275,1,1001,19,-1697,56,-463,-271,-435,717,,,,0x008,,,,,,,,,,,,,,,,,,
14901105,1,1001,19,-1697,56,-463,-276,-435,711,,,,0x020,,,,,,,,,,,,,,,,,,
14931421,1,1001,20,-196,96,-490,-276,-435,711,,,,0x018,,,,,,,,,,,,,,,,,,
15002274,1,1001,20,-196,96,-490,-271,-438,715,,,,0x020,,,,,,,,,,,,,,,,,,
15009188,1,1002,16,1111,140,-560,-271,-438,715,,,,0x018,,,,,,,,,,,,,,,,,,
15086727,0,1003,12,1435,131,-503,-271,-438,715,,,,0x018,,,,,,,,,,,,,,,,,,
15103175,0,1003,12,1435,131,-503,-276,-424,718,,,,0x020,,,,,,,,,,,,,,,,,,
15164189,0,1003,12,1063,74,-345,-276,-424,718,,,,0x010,,,,,,,,,,,,,,,,,,
15164818,1,1003,9,1063,74,-345,-276,-424,718,,,,0x008,,,,,,,,,,,,,,,,,,
15204353,1,1003,9,1063,74,-345,-276,-433,709,,,,0x020,,,,,,,,,,,,,,,,,,
15241964,2,1002,12,-595,78,-511,-276,-433,709,,,,0x018,,,,,,,,,,,,,,,,,,
15305218,2,1002,12,-595,78,-511,-277,-426,715,,,,0x020,,,,,,,,,,,,,,,,,,
15319425,2,1002,12,-1715,87,-700,-277,-426,715,,,,0x010,,,,,,,,,,,,,,,,,,
15320054,1,1003,13,-1715,87,-700,-277,-426,715,,,,0x008,,,,,,,,,,,,,,,,,,
15397279,1,1001,18,-1351,126,-669,-277,-426,715,,,,0x018,,,,,,,,,,,,,,,,,,
15406129,1,1001,18,-1351,126,-669,-271,-445,708,,,,0x020,,,,,,,,,,,,,,,,,,
15474742,0,1003,11,450,113,-595,-271,-445,708,,,,0x018,,,,,,,,,,,,,,,,,,
15506995,0,1003,11,450,113,-595,-276,-432,717,,,,0x020,,,,,,,,,,,,,,,,,,
15552205,0,1003,11,-936,35,-310,-276,-432,717,,,,0x010,,,,,,,,,,,,,,,,,,
15552834,1,1001,20,-936,35,-310,-276,-432,717,,,,0x008,,,,,,,,,,,,,,,,,,
15608175,1,1001,20,-936,35,-310,-280,-439,717,,,,0x020,,,,,,,,,,,,,,,,,,
15629981,0,1002,13,608,43,-293,-280,-439,717,,,,0x018,,,,,,,,,,,,,,,,,,
15707521,2,1003,12,665,4,-179,-280,-439,717,,,,0x018,,,,,,,,,,,,,,,,,,
15709077,2,1003,12,665,4,-179,-273,-435,718,,,,0x020,,,,,,,,,,,,,,,,,,
15784983,2,1003,12,-214,35,-345,-273,-435,718,,,,0x010,,,,,,,,,,,,,,,,,,
15785612,2,1004,10,-214,35,-345,-273,-435,718,,,,0x008,,,,,,,,,,,,,,,,,,
15809951,2,1004,10,-214,35,-345,-259,-439,708,,,,0x020,,,,,,,,,,,,,,,,,,
15862761,1,1005,11,-3018,61,-577,-259,-439,708,,,,0x018,,,,,,,,,,,,,,,,,,
15910819,1,1005,11,-3018,61,-577,-268,-424,706,,,,0x020,,,,,,,,,,,,,,,,,,
15940223,1,1005,11,-7630,-13,-525,-268,-424,706,,,,0x010,,,,,,,,,,,,,,,,,,
15940851,1,1005,18,-7630,-13,-525,-268,-424,706,,,,0x008,,,,,,,,,,,,,,,,,,
16011694,1,1005,18,-7630,-13,-525,-280,-442,694,,,,0x020,,,,,,,,,,,,,,,,,,
16017999,1,1003,38,-12573,-201,-332,-280,-442,694,,,,0x018,,,,,,,,,,,,,,,,,,
16095538,2,1003,60,-16874,-385,-183,-280,-442,694,,,,0x018,,,,,,,,,,,,,,,,,,
16112595,2,1003,60,-16874,-385,-183,-276,-439,664,,,,0x020,,,,,,,,,,,,,,,,,,
16173000,2,1003,60,-19578,-297,-507,-276,-439,664,,,,0x010,,,,,,,,,,,,,,,,,,
16173629,1,1006,76,-19578,-297,-507,-276,-439,664,,,,0x008,,,,,,,,,,,,,,,,,,
16213469,1,1006,76,-19578,-297,-507,-285,-442,655,,,,0x020,,,,,,,,,,,,,,,,,,
16250776,0,998,114,-27501,-533,-441,-285,-442,655,,,,0x018,,,,,,,,,,,,,,,,,,
16314638,0,998,114,-27501,-533,-441,-274,-432,618,,,,0x020,,,,,,,,,,,,,,,,,,
16328238,2,996,150,-35857,-713,380,-274,-432,618,,,,0x018,,,,,,,,,,,,,,,,,,
16405777,2,996,150,-48160,-988,651,-274,-432,618,,,,0x010,,,,,,,,,,,,,,,,,,
16406406,3,982,211,-48160,-988,651,-274,-432,618,,,,0x008,,,,,,,,,,,,,,,,,,
16415548,3,982,211,-48160,-988,651,-283,-432,558,,,,0x020,,,,,,,,,,,,,,,,,,
16483552,3,957,287,-59710,-2279,201,-283,-432,558,,,,0x018,,,,,,,,,,,,,,,,,,
16516413,3,957,287,-59710,-2279,201,-280,-438,501,,,,0x020,,,,,,,,,,,,,,,,,,
16561016,8,925,368,-70008,-2918,218,-280,-438,501,,,,0x018,,,,,,,,,,,,,,,,,,
16617281,8,925,368,-70008,-2918,218,-277,-415,436,,,,0x020,,,,,,,,,,,,,,,,,,
16638783,6,872,471,-79865,-3023,-179,-277,-415,436,,,,0x018,,,,,,,,,,,,,,,,,,
16716323,10,809,571,-86388,-1408,966,-277,-415,436,,,,0x018,,,,,,,,,,,,,,,,,,
16718182,10,809,571,-86388,-1408,966,-289,-387,355,,,,0x020,,,,,,,,,,,,,,,,,,
16793786,9,732,666,-88471,-853,901,-289,-387,355,,,,0x018,,,,,,,,,,,,,,,,,,
16819049,9,732,666,-88471,-853,901,-291,-343,289,,,,0x020,,,,,,,,,,,,,,,,,,
16871249,9,732,666,-89442,1063,2668,-291,-343,289,,,,0x010,,,,,,,,,,,,,,,,,,
16871878,10,652,748,-89442,1063,2668,-291,-343,289,,,,0x008,,,,,,,,,,,,,,,,,,
16919923,10,652,748,-89442,1063,2668,-274,-301,232,,,,0x020,,,,,,,,,,,,,,,,,,
16948720,10,652,748,-87478,721,1903,-274,-301,232,,,,0x010,,,,,,,,,,,,,,,,,,
16949349,7,539,834,-87478,721,1903,-274,-301,232,,,,0x008,,,,,,,,,,,,,,,,,,
17020798,7,539,834,-87478,721,1903,-286,-241,177,,,,0x020,,,,,,,,,,,,,,,,,,
17026495,14,455,885,-86454,420,3263,-286,-241,177,,,,0x018,,,,,,,,,,,,,,,,,,
17103731,14,455,885,-82075,-1684,1286,-286,-241,177,,,,0x010,,,,,,,,,,,,,,,,,,
17104360,15,342,943,-82075,-1684,1286,-286,-241,177,,,,0x008,,,,,,,,,,,,,,,,,,
17121709,15,342,943,-82075,-1684,1286,-289,-196,127,,,,0x020,,,,,,,,,,,,,,,,,,
17181508,36,206,991,-75298,-1246,700,-289,-196,127,,,,0x018,,,,,,,,,,,,,,,,,,
17222575,36,206,991,-75298,-1246,700,-279,-154,93,,,,0x020,,,,,,,,,,,,,,,,,,
17258971,27,167,1004,-68433,126,5547,-279,-154,93,,,,0x018,,,,,,,,,,,,,,,,,,
17323443,27,167,1004,-68433,126,5547,-265,-109,78,,,,0x020,,,,,,,,,,,,,,,,,,
17336435,27,167,1004,-50312,-433,3648,-265,-109,78,,,,0x010,,,,,,,,,,,,,,,,,,
17337064,13,148,1024,-50312,-433,3648,-265,-109,78,,,,0x008,,,,,,,,,,,,,,,,,,
17413983,13,148,1024,-26411,-1137,-135,-265,-109,78,,,,0x010,,,,,,,,,,,,,,,,,,
17414612,8,111,998,-26411,-1137,-135,-265,-109,78,,,,0x008,,,,,,,,,,,,,,,,,,
17424058,8,111,998,-26411,-1137,-135,-259,-105,70,,,,0x020,,,,,,,,,,,,,,,,,,
17491456,8,111,998,-19613,-10710,1526,-259,-105,70,,,,0x010,,,,,,,,,,,,,,,,,,
17492085,42,95,1019,-19613,-10710,1526,-259,-105,70,,,,0x008,,,,,,,,,,,,,,,,,,
17524933,42,95,1019,-19613,-10710,1526,-249,-88,58,,,,0x020,,,,,,,,,,,,,,,,,,
17569231,30,70,1018,-17010,-3250,498,-249,-88,58,,,,0x018,,,,,,,,,,,,,,,,,,
17625799,30,70,1018,-17010,-3250,498,-252,-91,54,,,,0x020,,,,,,,,,,,,,,,,,,
17646692,26,29,999,-7638,4130,-2673,-252,-91,54,,,,0x018,,,,,,,,,,,,,,,,,,
17724232,45,28,1019,-7258,-888,1461,-252,-91,54,,,,0x018,,,,,,,,,,,,,,,,,,
17726700,45,28,1019,-7258,-888,1461,-262,-76,63,,,,0x020,,,,,,,,,,,,,,,,,,
17801695,14,21,1001,-12425,7997,-1080,-262,-76,63,,,,0x018,,,,,,,,,,,,,,,,,,
17827565,14,21,1001,-12425,7997,-1080,-268,-60,58,,,,0x020,,,,,,,,,,,,,,,,,,
17879157,14,21,1001,-14730,3710,-7918,-268,-60,58,,,,0x010,,,,,,,,,,,,,,,,,,
17879786,14,-31,989,-14730,3710,-7918,-268,-60,58,,,,0x008,,,,,,,,,,,,,,,,,,
17928439,14,-31,989,-14730,3710,-7918,-268,-51,54,,,,0x020,,,,,,,,,,,,,,,,,,
17956932,28,-14,1014,-1631,-511,-6903,-268,-51,54,,,,0x018,,,,,,,,,,,,,,,,,,
18029304,28,-14,1014,-1631,-511,-6903,-265,-58,46,,,,0x020,,,,,,,,,,,,,,,,,,
18034394,21,-16,1006,-262,245,-2559,-265,-58,46,,,,0x018,,,,,,,,,,,,,,,,,,
18111934,20,-15,1005,-179,74,-529,-265,-58,46,,,,0x018,,,,,,,,,,,,,,,,,,
18129903,20,-15,1005,-179,74,-529,-267,-61,55,,,,0x020,,,,,,,,,,,,,,,,,,
18189396,20,-15,1005,-183,74,-485,-267,-61,55,,,,0x010,,,,,,,,,,,,,,,,,,
18190025,20,-15,1006,-183,74,-485,-267,-61,55,,,,0x008,,,,,,,,,,,,,,,,,,
18230776,20,-15,1006,-183,74,-485,-267,-61,46,,,,0x020,,,,,,,,,,,,,,,,,,
18267172,19,-14,1005,-179,78,-498,-267,-61,46,,,,0x018,,,,,,,,,,,,,,,,,,
18331641,19,-14,1005,-179,78,-498,-255,-60,49,,,,0x020,,,,,,,,,,,,,,,,,,
18344633,19,-15,1006,-196,74,-494,-255,-60,49,,,,0x018,,,,,,,,,,,,,,,,,,
18422174,20,-15,1006,-188,70,-481,-255,-60,49,,,,0x018,,,,,,,,,,,,,,,,,,
18432544,20,-15,1006,-188,70,-481,-264,-67,54,,,,0x020,,,,,,,,,,,,,,,,,,
18499941,19,-14,1006,-196,74,-494,-264,-67,54,,,,0x018,,,,,,,,,,,,,,,,,,
18533715,19,-14,1006,-196,74,-494,-267,-64,55,,,,0x020,,,,,,,,,,,,,,,,,,
18577405,20,-14,1006,-192,78,-481,-267,-64,55,,,,0x018,,,,,,,,,,,,,,,,,,
18634580,20,-14,1006,-192,78,-481,-273,-64,49,,,,0x020,,,,,,,,,,,,,,,,,,
18654868,20,-14,1006,-188,74,-498,-273,-64,49,,,,0x010,,,,,,,,,,,,,,,,,,
18655496,20,-14,1006,-188,74,-498,-273,-64,49,,,,0x008,,,,,,,,,,,,,,,,,,
18732417,20,-14,1006,-196,78,-490,-273,-64,49,,,,0x010,,,,,,,,,,,,,,,,,,
18733045,19,-15,1005,-196,78,-490,-273,-64,49,,,,0x008,,,,,,,,,,,,,,,,,,
18735197,19,-15,1005,-196,78,-490,-280,-57,49,,,,0x020,,,,,,,,,,,,,,,,,,
18810192,19,-14,1006,-192,78,-490,-280,-57,49,,,,0x018,,,,,,,,,,,,,,,,,,
18836063,19,-14,1006,-192,78,-490,-271,-66,60,,,,0x020,,,,,,,,,,,,,,,,,,
18887654,20,-15,1006,-179,70,-507,-271,-66,60,,,,0x018,,,,,,,,,,,,,,,,,,
18936928,20,-15,1006,-179,70,-507,-265,-67,48,,,,0x020,,,,,,,,,,,,,,,,,,
18965118,20,-15,1006,1872,735,-901,-265,-67,48,,,,0x010,,,,,,,,,,,,,,,,,,
18965746,15,-19,998,1872,735,-901,-265,-67,48,,,,0x008,,,,,,,,,,,,,,,,,,
19037803,15,-19,998,1872,735,-901,-267,-55,42,,,,0x020,,,,,,,,,,,,,,,,,,
19042892,19,7,1015,3058,21,-1417,-267,-55,42,,,,0x018,,,,,,,,,,,,,,,,,,
19120433,23,-22,1006,-5346,-140,-2025,-267,-55,42,,,,0x018,,,,,,,,,,,,,,,,,,
19138705,23,-22,1006,-5346,-140,-2025,-270,-60,61,,,,0x020,,,,,,,,,,,,,,,,,,
19197895,16,-13,1003,-433,-35,-1041,-270,-60,61,,,,0x018,,,,,,,,,,,,,,,,,,
19239571,16,-13,1003,-433,-35,-1041,-276,-63,45,,,,0x020,,,,,,,,,,,,,,,,,,
19275662,24,-11,1014,-91,-328,-3548,-276,-63,45,,,,0x018,,,,,,,,,,,,,,,,,,
19340436,24,-11,1014,-91,-328,-3548,-273,-57,46,,,,0x020,,,,,,,,,,,,,,,,,,
19353124,17,-23,1000,-494,612,-3635,-273,-57,46,,,,0x018,,,,,,,,,,,,,,,,,,
19430663,17,-12,1005,-30,-21,-581,-273,-57,46,,,,0x018,,,,,,,,,,,,,,,,,,
19441033,17,-12,1005,-30,-21,-581,-270,-57,51,,,,0x020,,,,,,,,,,,,,,,,,,
19508126,17,-12,1005,1124,-4410,-1579,-270,-57,51,,,,0x010,,,,,,,,,,,,,,,,,,
19508755,25,-2,1012,1124,-4410,-1579,-270,-57,51,,,,0x008,,,,,,,,,,,,,,,,,,
19541907,25,-2,1012,1124,-4410,-1579,-265,-70,54,,,,0x020,,,,,,,,,,,,,,,,,,
19585902,-25,-23,961,2607,-10119,-4497,-265,-70,54,,,,0x018,,,,,,,,,,,,,,,,,,
19643079,-25,-23,961,2607,-10119,-4497,-252,-75,63,,,,0x020,,,,,,,,,,,,,,,,,,
19663365,-25,-23,961,8216,-28052,-11011,-252,-75,63,,,,0x010,,,,,,,,,,,,,,,,,,
19663994,47,21,1037,8216,-28052,-11011,-252,-75,63,,,,0x008,,,,,,,,,,,,,,,,,,
19741218,203,8,1025,-1841,-4873,-32965,-252,-75,63,,,,0x018,,,,,,,,,,,,,,,,,,
19743989,203,8,1025,-1841,-4873,-32965,-273,-79,46,,,,0x020,,,,,,,,,,,,,,,,,,
19818681,203,8,1025,-2773,3500,-9135,-273,-79,46,,,,0x010,,,,,,,,,,,,,,,,,,
19819309,92,2,995,-2773,3500,-9135,-273,-79,46,,,,0x008,,,,,,,,,,,,,,,,,,
19844864,92,2,995,-2773,3500,-9135,-246,-70,48,,,,0x020,,,,,,,,,,,,,,,,,,
19896456,4,4,987,1448,-6129,8544,-246,-70,48,,,,0x018,,,,,,,,,,,,,,,,,,
19945730,4,4,987,1448,-6129,8544,-234,-69,51,,,,0x020,,,,,,,,,,,,,,,,,,
19973919,107,-8,1009,1859,-14853,-2524,-234,-69,51,,,,0x018,,,,,,,,,,,,,,,,,,
20046597,107,-8,1009,1859,-14853,-2524,-196,-76,57,,,,0x020,,,,,,,,,,,,,,,,,,
20051383,107,-8,1009,402,-45543,2235,-196,-76,57,,,,0x010,,,,,,,,,,,,,,,,,,
20052012,181,-10,969,402,-45543,2235,-196,-76,57,,,,0x008,,,,,,,,,,,,,,,,,,
20129237,215,1,947,6348,-62562,9121,-196,-76,57,,,,0x018,,,,,,,,,,,,,,,,,,
20147509,215,1,947,6348,-62562,9121,-114,-102,72,,,,0x020,,,,,,,,,,,,,,,,,,
20206698,363,48,989,20615,-80968,14704,-114,-102,72,,,,0x018,,,,,,,,,,,,,,,,,,
20248374,363,48,989,20615,-80968,14704,-73,-103,102,,,,0x020,,,,,,,,,,,,,,,,,,
20284465,451,22,916,5197,-46414,5215,-73,-103,102,,,,0x018,,,,,,,,,,,,,,,,,,
20349238,451,22,916,5197,-46414,5215,-13,-96,133,,,,0x020,,,,,,,,,,,,,,,,,,
20361926,436,17,859,-70,-61744,28258,-13,-96,133,,,,0x018,,,,,,,,,,,,,,,,,,
20439467,436,17,859,11160,-85351,19158,-13,-96,133,,,,0x010,,,,,,,,,,,,,,,,,,
20440095,593,26,823,11160,-85351,19158,-13,-96,133,,,,0x008,,,,,,,,,,,,,,,,,,
20450148,593,26,823,11160,-85351,19158,49,-88,192,,,,0x020,,,,,,,,,,,,,,,,,,
20517242,641,-13,758,10158,-79388,7284,49,-88,192,,,,0x018,,,,,,,,,,,,,,,,,,
20551318,641,-13,758,10158,-79388,7284,103,-102,253,,,,0x020,,,,,,,,,,,,,,,,,,
20594703,780,55,750,6265,-80933,5534,103,-102,253,,,,0x018,,,,,,,,,,,,,,,,,,
20652183,780,55,750,6265,-80933,5534,115,-102,279,,,,0x020,,,,,,,,,,,,,,,,,,
20672470,789,7,647,-11742,-43806,-7196,115,-102,279,,,,0x018,,,,,,,,,,,,,,,,,,
20750009,825,18,614,-13120,-35888,-7608,115,-102,279,,,,0x018,,,,,,,,,,,,,,,,,,
20753084,825,18,614,-13120,-35888,-7608,127,-105,310,,,,0x020,,,,,,,,,,,,,,,,,,
20827473,825,18,614,-7201,-32851,-4431,127,-105,310,,,,0x010,,,,,,,,,,,,,,,,,,
20828102,863,-8,553,-7201,-32851,-4431,127,-105,310,,,,0x008,,,,,,,,,,,,,,,,,,
20853961,863,-8,553,-7201,-32851,-4431,145,-99,351,,,,0x020,,,,,,,,,,,,,,,,,,
20905250,871,11,556,3990,-41518,6238,145,-99,351,,,,0x018,,,,,,,,,,,,,,,,,,
20954826,871,11,556,3990,-41518,6238,150,-103,366,,,,0x020,,,,,,,,,,,,,,,,,,
20982711,902,-4,496,3241,-30524,4060,150,-103,366,,,,0x018,,,,,,,,,,,,,,,,,,
21055694,902,-4,496,3241,-30524,4060,163,-99,393,,,,0x020,,,,,,,,,,,,,,,,,,
21060176,902,-4,496,3224,-21140,2979,163,-99,393,,,,0x010,,,,,,,,,,,,,,,,,,
21060805,928,0,473,3224,-21140,2979,163,-99,393,,,,0x008,,,,,,,,,,,,,,,,,,
21137726,928,0,473,-293,-24346,5009,163,-99,393,,,,0x010,,,,,,,,,,,,,,,,,,
21138355,930,-8,446,-293,-24346,5009,163,-99,393,,,,0x008,,,,,,,,,,,,,,,,,,
21156614,930,-8,446,-293,-24346,5009,187,-79,411,,,,0x020,,,,,,,,,,,,,,,,,,
21215500,940,-10,405,1933,-38854,12066,187,-79,411,,,,0x018,,,,,,,,,,,,,,,,,,
21257480,940,-10,405,1933,-38854,12066,192,-85,456,,,,0x020,,,,,,,,,,,,,,,,,,
21292963,940,-10,405,5950,-48636,-315,192,-85,456,,,,0x010,,,,,,,,,,,,,,,,,,
21293592,960,-26,357,5950,-48636,-315,192,-85,456,,,,0x008,,,,,,,,,,,,,,,,,,
21358355,960,-26,357,5950,-48636,-315,198,-87,504,,,,0x020,,,,,,,,,,,,,,,,,,
21370740,982,-3,306,11598,-37708,-4672,198,-87,504,,,,0x018,,,,,,,,,,,,,,,,,,
21448279,998,-9,252,9191,-32961,-5451,198,-87,504,,,,0x018,,,,,,,,,,,,,,,,,,
21459257,998,-9,252,9191,-32961,-5451,195,-106,528,,,,0x020,,,,,,,,,,,,,,,,,,
21525743,1004,14,228,3871,-24027,-5328,195,-106,528,,,,0x018,,,,,,,,,,,,,,,,,,
21560123,1004,14,228,3871,-24027,-5328,183,-88,534,,,,0x020,,,,,,,,,,,,,,,,,,
21603205,1017,12,187,6868,-21196,-1220,183,-88,534,,,,0x018,,,,,,,,,,,,,,,,,,
21660989,1017,12,187,6868,-21196,-1220,199,-78,577,,,,0x020,,,,,,,,,,,,,,,,,,
21680668,1017,12,187,11046,-29841,8343,199,-78,577,,,,0x010,,,,,,,,,,,,,,,,,,
21681297,1014,18,165,11046,-29841,8343,199,-78,577,,,,0x008,,,,,,,,,,,,,,,,,,
21758217,1014,18,165,12083,-30852,5315,199,-78,577,,,,0x010,,,,,,,,,,,,,,,,,,
21758845,1021,-8,111,12083,-30852,5315,199,-78,577,,,,0x008,,,,,,,,,,,,,,,,,,
21761604,1021,-8,111,12083,-30852,5315,199,-87,606,,,,0x020,,,,,,,,,,,,,,,,,,
21835992,1027,-11,96,11165,-30629,1636,199,-87,606,,,,0x018,,,,,,,,,,,,,,,,,,
21862469,1027,-11,96,11165,-30629,1636,193,-73,607,,,,0x020,,,,,,,,,,,,,,,,,,
21913454,1027,-25,38,-564,-12906,3762,193,-73,607,,,,0x018,,,,,,,,,,,,,,,,,,
21963335,1027,-25,38,-564,-12906,3762,186,-90,615,,,,0x020,,,,,,,,,,,,,,,,,,
21990916,1027,-25,38,2401,-12136,-70,186,-90,615,,,,0x010,,,,,,,,,,,,,,,,,,
21991545,1025,-10,43,2401,-12136,-70,186,-90,615,,,,0x008,,,,,,,,,,,,,,,,,,
22064210,1025,-10,43,2401,-12136,-70,192,-90,625,,,,0x020,,,,,,,,,,,,,,,,,,
22068692,1027,-25,23,-721,-6356,-6216,192,-90,625,,,,0x018,,,,,,,,,,,,,,,,,,
22146232,1030,3,23,1855,-9725,-7778,192,-90,625,,,,0x018,,,,,,,,,,,,,,,,,,
22165113,1030,3,23,1855,-9725,-7778,190,-103,637,,,,0x020,,,,,,,,,,,,,,,,,,
22223696,1029,9,5,-638,-10465,-5656,190,-103,637,,,,0x018,,,,,,,,,,,,,,,,,,
22265980,1029,9,5,-638,-10465,-5656,193,-96,646,,,,0x020,,,,,,,,,,,,,,,,,,
22301159,1029,9,5,-306,-8273,-3381,193,-96,646,,,,0x010,,,,,,,,,,,,,,,,,,
22301788,1030,13,-7,-306,-8273,-3381,193,-96,646,,,,0x008,,,,,,,,,,,,,,,,,,
22366854,1030,13,-7,-306,-8273,-3381,183,-94,654,,,,0x020,,,,,,,,,,,,,,,,,,
22378934,1029,14,-8,-91,-4445,-673,183,-94,654,,,,0x018,,,,,,,,,,,,,,,,,,
22456473,1029,13,-14,-2095,-1089,43,183,-94,654,,,,0x018,,,,,,,,,,,,,,,,,,
22467450,1029,13,-14,-2095,-1089,43,199,-111,645,,,,0x020,,,,,,,,,,,,,,,,,,
22533934,1029,12,-14,-726,818,166,199,-111,645,,,,0x018,,,,,,,,,,,,,,,,,,
22568316,1029,12,-14,-726,818,166,195,-106,655,,,,0x020,,,,,,,,,,,,,,,,,,
22611398,1029,12,-14,888,3609,1159,195,-106,655,,,,0x010,,,,,,,,,,,,,,,,,,
22612026,1030,10,-6,888,3609,1159,195,-106,655,,,,0x008,,,,,,,,,,,,,,,,,,
22669190,1030,10,-6,888,3609,1159,190,-96,648,,,,0x020,,,,,,,,,,,,,,,,,,
22689173,1028,5,-2,-293,3276,2432,190,-96,648,,,,0x018,,,,,,,,,,,,,,,,,,
22766713,1028,2,-1,43,249,770,190,-96,648,,,,0x018,,,,,,,,,,,,,,,,,,
22770092,1028,2,-1,43,249,770,187,-94,646,,,,0x020,,,,,,,,,,,,,,,,,,
22844176,1030,5,-3,-271,-345,-1006,187,-94,646,,,,0x018,,,,,,,,,,,,,,,,,,
22870654,1030,5,-3,-271,-345,-1006,193,-100,642,,,,0x020,,,,,,,,,,,,,,,,,,
22921639,1028,2,-4,700,-608,275,193,-100,642,,,,0x018,,,,,,,,,,,,,,,,,,
22971521,1028,2,-4,700,-608,275,196,-91,642,,,,0x020,,,,,,,,,,,,,,,,,,
22999102,1028,2,-4,682,-358,-420,196,-91,642,,,,0x010,,,,,,,,,,,,,,,,,,
22999731,1029,3,-3,682,-358,-420,196,-91,642,,,,0x008,,,,,,,,,,,,,,,,,,
23072092,1029,3,-3,682,-358,-420,187,-94,652,,,,0x020,,,,,,,,,,,,,,,,,,
23076573,1029,3,-3,-647,118,175,187,-94,652,,,,0x010,,,,,,,,,,,,,,,,,,
23077202,1029,2,-5,-647,118,175,187,-94,652,,,,0x008,,,,,,,,,,,,,,,,,,
23154122,1029,2,-5,433,96,485,187,-94,652,,,,0x010,,,,,,,,,,,,,,,,,,
23154751,1029,1,-4,433,96,485,187,-94,652,,,,0x008,,,,,,,,,,,,,,,,,,
23173011,1029,1,-4,433,96,485,186,-90,646,,,,0x020,,,,,,,,,,,,,,,,,,
23231595,1029,1,-4,-262,621,-26,186,-90,646,,,,0x010,,,,,,,,,,,,,,,,,,
23232224,1029,0,-3,-262,621,-26,186,-90,646,,,,0x008,,,,,,,,,,,,,,,,,,
23273583,1029,0,-3,-262,621,-26,198,-85,655,,,,0x020,,,,,,,,,,,,,,,,,,
23309369,1029,0,-2,-533,1312,-39,198,-85,655,,,,0x018,,,,,,,,,,,,,,,,,,
23374448,1029,0,-2,-533,1312,-39,204,-93,652,,,,0x020,,,,,,,,,,,,,,,,,,
23386831,1028,0,0,105,-402,-721,204,-93,652,,,,0x018,,,,,,,,,,,,,,,,,,
23464372,1028,1,-4,-1185,-910,-1951,204,-93,652,,,,0x018,,,,,,,,,,,,,,,,,,
23475349,1028,1,-4,-1185,-910,-1951,198,-85,648,,,,0x020,,,,,,,,,,,,,,,,,,
23541835,1029,4,-5,-1290,-529,-2323,198,-85,648,,,,0x018,,,,,,,,,,,,,,,,,,
23576215,1029,4,-5,-1290,-529,-2323,189,-96,660,,,,0x020,,,,,,,,,,,,,,,,,,
23619297,1029,4,-5,-1535,901,-1767,189,-96,660,,,,0x010,,,,,,,,,,,,,,,,,,
23619925,1030,6,-3,-1535,901,-1767,189,-96,660,,,,0x008,,,,,,,,,,,,,,,,,,
23676786,1030,6,-3,-1535,901,-1767,190,-97,645,,,,0x020,,,,,,,,,,,,,,,,,,
23697072,1029,5,-2,-450,568,-385,190,-97,645,,,,0x018,,,,,,,,,,,,,,,,,,
23774611,1028,4,-2,-210,-43,131,190,-97,645,,,,0x018,,,,,,,,,,,,,,,,,,
23777686,1028,4,-2,-210,-43,131,193,-84,657,,,,0x020,,,,,,,,,,,,,,,,,,
23852073,1028,3,-3,-175,341,-78,193,-84,657,,,,0x018,,,,,,,,,,,,,,,,,,
23878247,1028,3,-3,-175,341,-78,181,-90,651,,,,0x020,,,,,,,,,,,,,,,,,,
23929535,1029,4,-2,-568,656,-879,181,-90,651,,,,0x018,,,,,,,,,,,,,,,,,,
23979113,1029,4,-2,-568,656,-879,187,-97,648,,,,0x020,,,,,,,,,,,,,,,,,,
24006998,1029,5,-1,-231,48,-678,187,-97,648,,,,0x018,,,,,,,,,,,,,,,,,,
24079980,1029,5,-1,-231,48,-678,186,-91,646,,,,0x020,,,,,,,,,,,,,,,,,,
24084462,1029,5,-1,175,-533,288,186,-91,646,,,,0x010,,,,,,,,,,,,,,,,,,
24085091,1029,3,-2,175,-533,288,186,-91,646,,,,0x008,,,,,,,,,,,,,,,,,,
24162011,1028,1,-1,-630,730,433,186,-91,646,,,,0x018,,,,,,,,,,,,,,,,,,
24180587,1028,1,-1,-630,730,433,195,-90,654,,,,0x020,,,,,,,,,,,,,,,,,,
24239474,1028,1,-1,-472,-822,-748,195,-90,654,,,,0x010,,,,,,,,,,,,,,,,,,
24240103,1029,1,-2,-472,-822,-748,195,-90,654,,,,0x008,,,,,,,,,,,,,,,,,,
24281463,1029,1,-2,-472,-822,-748,184,-91,637,,,,0x020,,,,,,,,,,,,,,,,,,
24317250,1029,3,-5,-1198,-953,-1106,184,-91,637,,,,0x018,,,,,,,,,,,,,,,,,,
24382026,1029,3,-5,-1198,-953,-1106,189,-84,654,,,,0x020,,,,,,,,,,,,,,,,,,
24394713,1029,2,-4,-135,-249,-345,189,-84,654,,,,0x018,,,,,,,,,,,,,,,,,,
24472254,1029,4,-2,-131,1124,-870,189,-84,654,,,,0x018,,,,,,,,,,,,,,,,,,
24482927,1029,4,-2,-131,1124,-870,201,-82,648,,,,0x020,,,,,,,,,,,,,,,,,,
24549717,1029,4,-3,-345,564,-905,201,-82,648,,,,0x018,,,,,,,,,,,,,,,,,,
24583490,1029,4,-3,-345,564,-905,184,-85,649,,,,0x020,,,,,,,,,,,,,,,,,,
24627179,1029,4,-2,-258,651,148,184,-85,649,,,,0x018,,,,,,,,,,,,,,,,,,
24684356,1029,4,-2,-258,651,148,192,-88,655,,,,0x020,,,,,,,,,,,,,,,,,,
24704642,1029,4,-2,555,319,1028,192,-88,655,,,,0x010,,,,,,,,,,,,,,,,,,
24705271,1028,0,-1,555,319,1028,192,-88,655,,,,0x008,,,,,,,,,,,,,,,,,,
24782190,1029,0,0,-813,1093,-315,192,-88,655,,,,0x018,,,,,,,,,,,,,,,,,,
24785265,1029,0,0,-813,1093,-315,186,-81,640,,,,0x020,,,,,,,,,,,,,,,,,,
24859652,1029,0,0,-568,1491,118,186,-81,640,,,,0x010,,,,,,,,,,,,,,,,,,
24860280,1029,1,0,-568,1491,118,186,-81,640,,,,0x008,,,,,,,,,,,,,,,,,,
24885834,1029,1,0,-568,1491,118,196,-81,648,,,,0x020,,,,,,,,,,,,,,,,,,
24937123,1029,1,0,-459,2156,901,196,-81,648,,,,0x010,,,,,,,,,,,,,,,,,,
24937752,1027,-2,4,-459,2156,901,196,-81,648,,,,0x008,,,,,,,,,,,,,,,,,,
24986710,1027,-2,4,-459,2156,901,195,-93,648,,,,0x020,,,,,,,,,,,,,,,,,,
25014899,1029,-2,5,-266,476,-590,195,-93,648,,,,0x018,,,,,,,,,,,,,,,,,,
25087272,1029,-2,5,-266,476,-590,195,-85,639,,,,0x020,,,,,,,,,,,,,,,,,,
25092362,1029,-1,3,385,-634,-586,195,-85,639,,,,0x018,,,,,,,,,,,,,,,,,,
25169901,1029,-1,4,-266,131,-835,195,-85,639,,,,0x018,,,,,,,,,,,,,,,,,,
25188173,1029,-1,4,-266,131,-835,196,-82,649,,,,0x020,,,,,,,,,,,,,,,,,,
25247364,1029,-1,4,-1155,498,-1435,196,-82,649,,,,0x010,,,,,,,,,,,,,,,,,,
25247993,1029,0,4,-1155,498,-1435,196,-82,649,,,,0x008,,,,,,,,,,,,,,,,,,
25289049,1029,0,4,-1155,498,-1435,187,-90,657,,,,0x020,,,,,,,,,,,,,,,,,,
25324836,1029,0,4,-700,472,-700,187,-90,657,,,,0x010,,,,,,,,,,,,,,,,,,
25325465,1029,1,4,-700,472,-700,187,-90,657,,,,0x008,,,,,,,,,,,,,,,,,,
25389619,1029,1,4,-700,472,-700,189,-90,645,,,,0x020,,,,,,,,,,,,,,,,,,
25402611,1029,0,5,214,1365,-463,189,-90,645,,,,0x018,,,,,,,,,,,,,,,,,,
25480150,1028,-2,9,258,1360,568,189,-90,645,,,,0x018,,,,,,,,,,,,,,,,,,
25490520,1028,-2,9,258,1360,568,186,-97,642,,,,0x020,,,,,,,,,,,,,,,,,,
25557613,1029,0,9,-647,848,-730,186,-97,642,,,,0x018,,,,,,,,,,,,,,,,,,
25591082,1029,0,9,-647,848,-730,183,-85,639,,,,0x020,,,,,,,,,,,,,,,,,,
25635075,1028,-1,9,-166,371,-74,183,-85,639,,,,0x018,,,,,,,,,,,,,,,,,,
25691947,1028,-1,9,-166,371,-74,201,-88,640,,,,0x020,,,,,,,,,,,,,,,,,,
25712537,1028,-1,9,-2493,5407,-1080,201,-88,640,,,,0x010,,,,,,,,,,,,,,,,,,
25713166,1029,-2,12,-2493,5407,-1080,201,-88,640,,,,0x008,,,,,,,,,,,,,,,,,,
25790085,1029,-2,12,-2296,16135,-1601,201,-88,640,,,,0x010,,,,,,,,,,,,,,,,,,
25790714,1030,1,31,-2296,16135,-1601,201,-88,640,,,,0x008,,,,,,,,,,,,,,,,,,
25792865,1030,1,31,-2296,16135,-1601,201,-93,619,,,,0x020,,,,,,,,,,,,,,,,,,
25867557,1030,1,31,-1618,32567,-1548,201,-93,619,,,,0x010,,,,,,,,,,,,,,,,,,
25868186,1023,0,72,-1618,32567,-1548,201,-93,619,,,,0x008,,,,,,,,,,,,,,,,,,
25893436,1023,0,72,-1618,32567,-1548,189,-90,574,,,,0x020,,,,,,,,,,,,,,,,,,
25945333,1019,8,135,-774,49280,-7730,189,-90,574,,,,0x018,,,,,,,,,,,,,,,,,,
25994304,1019,8,135,-774,49280,-7730,199,-106,507,,,,0x020,,,,,,,,,,,,,,,,,,
26022797,1004,25,228,-6877,70341,-10513,199,-106,507,,,,0x018,,,,,,,,,,,,,,,,,,
26095171,1004,25,228,-6877,70341,-10513,180,-115,444,,,,0x020,,,,,,,,,,,,,,,,,,
26100260,1004,25,228,-11506,85233,-7039,180,-115,444,,,,0x010,,,,,,,,,,,,,,,,,,
26100888,965,38,333,-11506,85233,-7039,180,-115,444,,,,0x008,,,,,,,,,,,,,,,,,,
26177807,965,38,333,-8894,91953,-13160,180,-115,444,,,,0x010,,,,,,,,,,,,,,,,,,
26178436,1000,43,453,-8894,91953,-13160,180,-115,444,,,,0x008,,,,,,,,,,,,,,,,,,
26195783,1000,43,453,-8894,91953,-13160,142,-100,364,,,,0x020,,,,,,,,,,,,,,,,,,
26255278,1000,43,453,-15483,89070,-8246,142,-100,364,,,,0x010,,,,,,,,,,,,,,,,,,
26255907,860,36,565,-15483,89070,-8246,142,-100,364,,,,0x008,,,,,,,,,,,,,,,,,,
26296659,860,36,565,-15483,89070,-8246,97,-93,291,,,,0x020,,,,,,,,,,,,,,,,,,
26333054,784,46,620,-14805,93813,-7231,97,-93,291,,,,0x018,,,,,,,,,,,,,,,,,,
26397221,784,46,620,-14805,93813,-7231,60,-91,222,,,,0x020,,,,,,,,,,,,,,,,,,
26410517,706,26,726,-8964,76286,-5635,60,-91,222,,,,0x018,,,,,,,,,,,,,,,,,,
26488058,646,23,780,-3465,64400,-5656,60,-91,222,,,,0x018,,,,,,,,,,,,,,,,,,
26498123,646,23,780,-3465,64400,-5656,16,-91,180,,,,0x020,,,,,,,,,,,,,,,,,,
26565522,591,31,829,-1496,56424,-3066,16,-91,180,,,,0x018,,,,,,,,,,,,,,,,,,
26598991,591,31,829,-1496,56424,-3066,-22,-90,154,,,,0x020,,,,,,,,,,,,,,,,,,
26642985,591,31,829,2883,50719,6982,-22,-90,154,,,,0x010,,,,,,,,,,,,,,,,,,
26643615,551,14,821,2883,50719,6982,-22,-90,154,,,,0x008,,,,,,,,,,,,,,,,,,
26699868,551,14,821,2883,50719,6982,-51,-85,132,,,,0x020,,,,,,,,,,,,,,,,,,
26720761,512,72,954,6326,36592,14441,-51,-85,132,,,,0x018,,,,,,,,,,,,,,,,,,
26798302,382,-10,870,-13370,74396,-297,-51,-85,132,,,,0x018,,,,,,,,,,,,,,,,,,
26800465,382,-10,870,-13370,74396,-297,-100,-73,112,,,,0x020,,,,,,,,,,,,,,,,,,
26875766,323,65,861,9152,16900,13444,-100,-73,112,,,,0x018,,,,,,,,,,,,,,,,,,
26901332,323,65,861,9152,16900,13444,-100,-81,115,,,,0x020,,,,,,,,,,,,,,,,,,
26953533,363,11,924,8006,19818,-9454,-100,-81,115,,,,0x018,,,,,,,,,,,,,,,,,,
27002199,363,11,924,8006,19818,-9454,-127,-85,105,,,,0x020,,,,,,,,,,,,,,,,,,
27030996,347,35,959,-1141,23835,-1596,-127,-85,105,,,,0x018,,,,,,,,,,,,,,,,,,
27103065,347,35,959,-1141,23835,-1596,-144,-81,91,,,,0x020,,,,,,,,,,,,,,,,,,
27108458,347,35,959,-1273,33035,923,-144,-81,91,,,,0x010,,,,,,,,,,,,,,,,,,
27109087,281,38,971,-1273,33035,923,-144,-81,91,,,,0x008,,,,,,,,,,,,,,,,,,
27186010,281,38,971,-1938,34282,-612,-144,-81,91,,,,0x010,,,,,,,,,,,,,,,,,,
27186638,226,32,975,-1938,34282,-612,-144,-81,91,,,,0x008,,,,,,,,,,,,,,,,,,
27203987,226,32,975,-1938,34282,-612,-165,-76,85,,,,0x020,,,,,,,,,,,,,,,,,,
27263483,226,32,975,-2196,26464,-3718,-165,-76,85,,,,0x010,,,,,,,,,,,,,,,,,,
27264111,205,35,992,-2196,26464,-3718,-165,-76,85,,,,0x008,,,,,,,,,,,,,,,,,,
27304559,205,35,992,-2196,26464,-3718,-193,-82,82,,,,0x020,,,,,,,,,,,,,,,,,,
27341258,164,23,988,-2913,31469,-6168,-193,-82,82,,,,0x018,,,,,,,,,,,,,,,,,,
27405424,164,23,988,-2913,31469,-6168,-219,-70,82,,,,0x020,,,,,,,,,,,,,,,,,,
27418721,123,32,997,-1019,21599,2130,-219,-70,82,,,,0x018,,,,,,,,,,,,,,,,,,
27496260,109,25,998,-748,12980,940,-219,-70,82,,,,0x018,,,,,,,,,,,,,,,,,,
27506022,109,25,998,-748,12980,940,-231,-66,81,,,,0x020,,,,,,,,,,,,,,,,,,
27573724,118,32,1012,-573,3832,-485,-231,-66,81,,,,0x018,,,,,,,,,,,,,,,,,,
27606889,118,32,1012,-573,3832,-485,-231,-73,72,,,,0x020,,,,,,,,,,,,,,,,,,
27651187,118,32,1012,-4816,9441,-56,-231,-73,72,,,,0x010,,,,,,,,,,,,,,,,,,
27651816,94,21,1000,-4816,9441,-56,-231,-73,72,,,,0x008,,,,,,,,,,,,,,,,,,
27707764,94,21,1000,-4816,9441,-56,-238,-57,69,,,,0x020,,,,,,,,,,,,,,,,,,
27728658,94,21,1000,-8019,12713,993,-238,-57,69,,,,0x010,,,,,,,,,,,,,,,,,,
27729287,87,14,1008,-8019,12713,993,-238,-57,69,,,,0x008,,,,,,,,,,,,,,,,,,
27806208,87,14,1008,-10451,20693,-625,-238,-57,69,,,,0x010,,,,,,,,,,,,,,,,,,
27806836,60,6,1015,-10451,20693,-625,-238,-57,69,,,,0x008,,,,,,,,,,,,,,,,,,
27808683,60,6,1015,-10451,20693,-625,-273,-49,66,,,,0x020,,,,,,,,,,,,,,,,,,
27883983,17,-14,990,-6645,15833,-4410,-273,-49,66,,,,0x018,,,,,,,,,,,,,,,,,,
27909246,17,-14,990,-6645,15833,-4410,-270,-60,70,,,,0x020,,,,,,,,,,,,,,,,,,
27961446,17,-14,990,-2209,5328,-5075,-270,-60,70,,,,0x010,,,,,,,,,,,,,,,,,,
27962075,18,-21,994,-2209,5328,-5075,-270,-60,70,,,,0x008,,,,,,,,,,,,,,,,,,
28010424,18,-21,994,-2209,5328,-5075,-264,-54,63,,,,0x020,,,,,,,,,,,,,,,,,,
28038917,18,-21,994,-678,861,-4090,-264,-54,63,,,,0x010,,,,,,,,,,,,,,,,,,
28039545,26,-11,1007,-678,861,-4090,-264,-54,63,,,,0x008,,,,,,,,,,,,,,,,,,
28110995,26,-11,1007,-678,861,-4090,-280,-51,66,,,,0x020,,,,,,,,,,,,,,,,,,
28116694,18,-13,1004,-371,630,-6584,-280,-51,66,,,,0x018,,,,,,,,,,,,,,,,,,
28194234,23,-14,1007,-310,376,-5989,-280,-51,66,,,,0x018,,,,,,,,,,,,,,,,,,
28211899,23,-14,1007,-310,376,-5989,-276,-46,67,,,,0x020,,,,,,,,,,,,,,,,,,
28271697,26,-19,1006,-297,236,-4095,-276,-46,67,,,,0x018,,,,,,,,,,,,,,,,,,
28312765,26,-19,1006,-297,236,-4095,-282,-60,64,,,,0x020,,,,,,,,,,,,,,,,,,
28349160,26,-19,1006,-205,157,-931,-282,-60,64,,,,0x010,,,,,,,,,,,,,,,,,,
28349788,21,-13,1005,-205,157,-931,-282,-60,64,,,,0x008,,,,,,,,,,,,,,,,,,
28413639,21,-13,1005,-205,157,-931,-282,-55,70,,,,0x020,,,,,,,,,,,,,,,,,,
28426935,22,-14,1006,-196,100,-476,-282,-55,70,,,,0x018,,,,,,,,,,,,,,,,,,
28504475,22,-14,1006,-192,96,-472,-282,-55,70,,,,0x018,,,,,,,,,,,,,,,,,,
28514236,22,-14,1006,-192,96,-472,-271,-64,57,,,,0x020,,,,,,,,,,,,,,,,,,
28581937,22,-14,1006,-188,87,-485,-271,-64,57,,,,0x018,,,,,,,,,,,,,,,,,,
28615102,22,-14,1006,-188,87,-485,-273,-49,64,,,,0x020,,,,,,,,,,,,,,,,,,
28659400,20,-14,1005,-205,113,-494,-273,-49,64,,,,0x018,,,,,,,,,,,,,,,,,,
28715968,20,-14,1005,-205,113,-494,-276,-48,64,,,,0x020,,,,,,,,,,,,,,,,,,
28736863,20,-14,1005,-192,74,-481,-276,-48,64,,,,0x010,,,,,,,,,,,,,,,,,,
28737492,22,-13,1006,-192,74,-481,-276,-48,64,,,,0x008,,,,,,,,,,,,,,,,,,
28814413,22,-13,1006,-205,91,-481,-276,-48,64,,,,0x010,,,,,,,,,,,,,,,,,,
28815042,22,-14,1006,-205,91,-481,-276,-48,64,,,,0x008,,,,,,,,,,,,,,,,,,
28816585,22,-14,1006,-205,91,-481,-280,-52,51,,,,0x020,,,,,,,,,,,,,,,,,,
28891884,22,-14,1006,-179,96,-481,-280,-52,51,,,,0x010,,,,,,,,,,,,,,,,,,
28892513,21,-13,1006,-179,96,-481,-280,-52,51,,,,0x008,,,,,,,,,,,,,,,,,,
28917460,21,-13,1006,-179,96,-481,-276,-60,70,,,,0x020,,,,,,,,,,,,,,,,,,
28969659,22,-14,1006,-179,70,-468,-276,-60,70,,,,0x018,,,,,,,,,,,,,,,,,,
29018021,22,-14,1006,-179,70,-468,-283,-52,61,,,,0x020,,,,,,,,,,,,,,,,,,
29047122,22,-14,1006,-192,83,-472,-283,-52,61,,,,0x018,,,,,,,,,,,,,,,,,,
29118886,22,-14,1006,-192,83,-472,-273,-52,67,,,,0x020,,,,,,,,,,,,,,,,,,
29124584,21,-14,1006,-196,87,-481,-273,-52,67,,,,0x018,,,,,,,,,,,,,,,,,,
29202123,21,-14,1006,-188,74,-485,-273,-52,67,,,,0x018,,,,,,,,,,,,,,,,,,
29219786,21,-14,1006,-188,74,-485,-271,-51,70,,,,0x020,,,,,,,,,,,,,,,,,,
29279585,21,-14,1006,-183,35,-485,-271,-51,70,,,,0x010,,,,,,,,,,,,,,,,,,
29280214,22,-14,1006,-183,35,-485,-271,-51,70,,,,0x008,,,,,,,,,,,,,,,,,,
29320357,22,-14,1006,-183,35,-485,-280,-49,58,,,,0x020,,,,,,,,,,,,,,,,,,
29357056,22,-14,1006,-188,87,-490,-280,-49,58,,,,0x010,,,,,,,,,,,,,,,,,,
29357685,21,-14,1006,-188,87,-490,-280,-49,58,,,,0x008,,,,,,,,,,,,,,,,,,
29421230,21,-14,1006,-188,87,-490,-283,-55,66,,,,0x020,,,,,,,,,,,,,,,,,,
29434830,21,-13,1005,-188,74,-511,-283,-55,66,,,,0x018,,,,,,,,,,,,,,,,,,
29512369,22,-14,1006,-183,83,-542,-283,-55,66,,,,0x018,,,,,,,,,,,,,,,,,,
29522131,22,-14,1006,-183,83,-542,-280,-52,69,,,,0x020,,,,,,,,,,,,,,,,,,
29589833,22,-14,1006,-175,74,-503,-280,-52,69,,,,0x018,,,,,,,,,,,,,,,,,,
29622694,22,-14,1006,-175,74,-503,-276,-52,75,,,,0x020,,,,,,,,,,,,,,,,,,
29667297,21,-13,1005,-183,65,-481,-276,-52,75,,,,0x018,,,,,,,,,,,,,,,,,,
29723561,21,-13,1005,-183,65,-481,-277,-58,69,,,,0x020,,,,,,,,,,,,,,,,,,
29744759,21,-14,1006,-201,74,-490,-277,-58,69,,,,0x018,,,,,,,,,,,,,,,,,,
29822298,22,-14,1006,-201,70,-476,-277,-58,69,,,,0x018,,,,,,,,,,,,,,,,,,
29824461,22,-14,1006,-201,70,-476,-279,-52,61,,,,0x020,,,,,,,,,,,,,,,,,,
29899761,22,-14,1006,-210,87,-468,-279,-52,61,,,,0x010,,,,,,,,,,,,,,,,,,
29900390,21,-14,1005,-210,87,-468,-279,-52,61,,,,0x008,,,,,,,,,,,,,,,,,,
29925032,21,-14,1005,-210,87,-468,-282,-61,72,,,,0x020,,,,,,,,,,,,,,,,,,
29977232,21,-14,1005,-201,65,-490,-282,-61,72,,,,0x010,,,,,,,,,,,,,,,,,,
29977861,21,-13,1006,-201,65,-490,-282,-61,72,,,,0x008,,,,,,,,,,,,,,,,,,
30025907,21,-13,1006,-201,65,-490,-285,-49,61,,,,0x020,,,,,,,,,,,,,,,,,,
30055009,21,-14,1006,-201,96,-525,-285,-49,61,,,,0x018,,,,,,,,,,,,,,,,,,
30126775,21,-14,1006,-201,96,-525,-280,-52,73,,,,0x020,,,,,,,,,,,,,,,,,,
30132472,21,-14,1005,-183,83,-529,-280,-52,73,,,,0x018,,,,,,,,,,,,,,,,,,
30210012,22,-14,1006,-183,65,-494,-280,-52,73,,,,0x018,,,,,,,,,,,,,,,,,,
30227372,22,-14,1006,-183,65,-494,-271,-57,75,,,,0x020,,,,,,,,,,,,,,,,,,
30287475,21,-13,1006,-201,78,-490,-271,-57,75,,,,0x018,,,,,,,,,,,,,,,,,,
30328237,21,-13,1006,-201,78,-490,-286,-52,72,,,,0x020,,,,,,,,,,,,,,,,,,
30364936,20,-14,1006,-214,83,-472,-286,-52,72,,,,0x018,,,,,,,,,,,,,,,,,,
30429102,20,-14,1006,-214,83,-472,-280,-64,64,,,,0x020,,,,,,,,,,,,,,,,,,
30442398,20,-14,1006,-179,74,-485,-280,-64,64,,,,0x010,,,,,,,,,,,,,,,,,,
30443026,22,-14,1006,-179,74,-485,-280,-64,64,,,,0x008,,,,,,,,,,,,,,,,,,
30519945,22,-14,1006,-170,78,-490,-280,-64,64,,,,0x010,,,,,,,,,,,,,,,,,,
30520574,21,-14,1006,-170,78,-490,-280,-64,64,,,,0x008,,,,,,,,,,,,,,,,,,
30529716,21,-14,1006,-170,78,-490,-277,-54,66,,,,0x020,,,,,,,,,,,,,,,,,,
30597416,21,-14,1006,-179,78,-476,-277,-54,66,,,,0x010,,,,,,,,,,,,,,,,,,
30598045,22,-13,1006,-179,78,-476,-277,-54,66,,,,0x008,,,,,,,,,,,,,,,,,,
30630590,22,-13,1006,-179,78,-476,-283,-57,63,,,,0x020,,,,,,,,,,,,,,,,,,
30675192,21,-14,1005,-183,87,-472,-283,-57,63,,,,0x018,,,,,,,,,,,,,,,,,,
30731457,21,-14,1005,-183,87,-472,-282,-55,67,,,,0x020,,,,,,,,,,,,,,,,,,
30752655,21,-14,1006,-196,87,-490,-282,-55,67,,,,0x018,,,,,,,,,,,,,,,,,,
30830195,20,-13,1006,-196,74,-485,-282,-55,67,,,,0x018,,,,,,,,,,,,,,,,,,
30832054,20,-13,1006,-196,74,-485,-279,-57,67,,,,0x020,,,,,,,,,,,,,,,,,,
30907659,23,-14,1006,-205,61,-498,-279,-57,67,,,,0x018,,,,,,,,,,,,,,,,,,
30932921,23,-14,1006,-205,61,-498,-273,-55,66,,,,0x020,,,,,,,,,,,,,,,,,,
30985122,21,-15,1006,-192,83,-485,-273,-55,66,,,,0x018,,,,,,,,,,,,,,,,,,
31033787,21,-15,1006,-192,83,-485,-285,-58,60,,,,0x020,,,,,,,,,,,,,,,,,,
31062583,21,-15,1006,-196,87,-468,-285,-58,60,,,,0x010,,,,,,,,,,,,,,,,,,
31063212,20,-14,1005,-196,87,-468,-285,-58,60,,,,0x008,,,,,,,,,,,,,,,,,,
31134661,20,-14,1005,-196,87,-468,-283,-55,64,,,,0x020,,,,,,,,,,,,,,,,,,
31140359,22,-14,1006,-192,74,-463,-283,-55,64,,,,0x018,,,,,,,,,,,,,,,,,,
31217898,21,-14,1006,-175,70,-485,-283,-55,64,,,,0x018,,,,,,,,,,,,,,,,,,
31235258,21,-14,1006,-175,70,-485,-276,-57,73,,,,0x020,,,,,,,,,,,,,,,,,,
31295360,29,-12,1017,-603,1085,-398,-276,-57,73,,,,0x018,,,,,,,,,,,,,,,,,,
31336123,29,-12,1017,-603,1085,-398,-280,-55,73,,,,0x020,,,,,,,,,,,,,,,,,,
31372823,29,-12,1017,83,301,441,-280,-55,73,,,,0x010,,,,,,,,,,,,,,,,,,
31373452,8,-9,995,83,301,441,-280,-55,73,,,,0x008,,,,,,,,,,,,,,,,,,
31436998,8,-9,995,83,301,441,-274,-57,67,,,,0x020,,,,,,,,,,,,,,,,,,
31450599,21,-19,1004,-271,-310,-4318,-274,-57,67,,,,0x018,,,,,,,,,,,,,,,,,,
31528139,22,-16,1008,-210,96,-3316,-274,-57,67,,,,0x018,,,,,,,,,,,,,,,,,,
31537901,22,-16,1008,-210,96,-3316,-277,-49,67,,,,0x020,,,,,,,,,,,,,,,,,,
31605602,19,-14,1005,-210,91,-940,-277,-49,67,,,,0x018,,,,,,,,,,,,,,,,,,
31638767,19,-14,1005,-210,91,-940,-276,-57,72,,,,0x020,,,,,,,,,,,,,,,,,,
31683065,19,-14,1005,-175,52,-472,-276,-57,72,,,,0x010,,,,,,,,,,,,,,,,,,
31683694,20,-14,1006,-175,52,-472,-276,-57,72,,,,0x008,,,,,,,,,,,,,,,,,,
31739337,20,-14,1006,-175,52,-472,-291,-54,66,,,,0x020,,,,,,,,,,,,,,,,,,
31760839,20,-15,1006,-179,61,-485,-291,-54,66,,,,0x018,,,,,,,,,,,,,,,,,,
31838381,20,-14,1005,-183,65,-476,-291,-54,66,,,,0x018,,,,,,,,,,,,,,,,,,
31840240,20,-14,1005,-183,65,-476,-282,-55,64,,,,0x020,,,,,,,,,,,,,,,,,,
31915844,19,-14,1006,-175,74,-476,-282,-55,64,,,,0x018,,,,,,,,,,,,,,,,,,
31941107,19,-14,1006,-175,74,-476,-270,-61,69,,,,0x020,,,,,,,,,,,,,,,,,,
31993306,19,-14,1006,-166,52,-485,-270,-61,69,,,,0x010,,,,,,,,,,,,,,,,,,
31993935,20,-15,1006,-166,52,-485,-270,-61,69,,,,0x008,,,,,,,,,,,,,,,,,,
32041982,20,-15,1006,-166,52,-485,-279,-51,70,,,,0x020,,,,,,,,,,,,,,,,,,
32071082,20,-14,1005,-175,74,-481,-279,-51,70,,,,0x018,,,,,,,,,,,,,,,,,,
32142846,20,-14,1005,-175,74,-481,-277,-57,67,,,,0x020,,,,,,,,,,,,,,,,,,
32148544,19,-14,1006,-196,74,-490,-277,-57,67,,,,0x018,,,,,,,,,,,,,,,,,,
32226084,21,-15,1006,-192,65,-490,-277,-57,67,,,,0x018,,,,,,,,,,,,,,,,,,
32243748,21,-15,1006,-192,65,-490,-276,-54,57,,,,0x020,,,,,,,,,,,,,,,,,,
32303548,21,-15,1006,-188,65,-472,-276,-54,57,,,,0x010,,,,,,,,,,,,,,,,,,
32304177,19,-14,1005,-188,65,-472,-276,-54,57,,,,0x008,,,,,,,,,,,,,,,,,,
32344320,19,-14,1005,-188,65,-472,-273,-55,70,,,,0x020,,,,,,,,,,,,,,,,,,
32381020,19,-14,1005,-175,65,-463,-273,-55,70,,,,0x010,,,,,,,,,,,,,,,,,,
32381649,19,-14,1005,-175,65,-463,-273,-55,70,,,,0x008,,,,,,,,,,,,,,,,,,
32445195,19,-14,1005,-175,65,-463,-285,-52,76,,,,0x020,,,,,,,,,,,,,,,,,,
32458795,21,-14,1006,-196,56,-468,-285,-52,76,,,,0x018,,,,,,,,,,,,,,,,,,
32536336,18,-15,1005,-218,87,-485,-285,-52,76,,,,0x018,,,,,,,,,,,,,,,,,,
32546098,18,-15,1005,-218,87,-485,-280,-57,63,,,,0x020,,,,,,,,,,,,,,,,,,
32613800,22,-15,1005,-210,43,-494,-280,-57,63,,,,0x018,,,,,,,,,,,,,,,,,,
32646661,22,-15,1005,-210,43,-494,-277,-54,75,,,,0x020,,,,,,,,,,,,,,,,,,
32691263,20,-13,1005,-205,65,-468,-277,-54,75,,,,0x018,,,,,,,,,,,,,,,,,,
32747527,20,-13,1005,-205,65,-468,-279,-61,72,,,,0x020,,,,,,,,,,,,,,,,,,
32768726,18,-15,1005,-192,74,-476,-279,-61,72,,,,0x018,,,,,,,,,,,,,,,,,,
32846266,21,-15,1006,-183,52,-485,-279,-61,72,,,,0x018,,,,,,,,,,,,,,,,,,
32848126,21,-15,1006,-183,52,-485,-280,-58,63,,,,0x020,,,,,,,,,,,,,,,,,,
32923730,21,-14,1006,-175,52,-485,-280,-58,63,,,,0x018,,,,,,,,,,,,,,,,,,
32948993,21,-14,1006,-175,52,-485,-282,-49,70,,,,0x020,,,,,,,,,,,,,,,,,,
33001193,21,-14,1006,-188,74,-463,-282,-49,70,,,,0x010,,,,,,,,,,,,,,,,,,
33001821,20,-15,1006,-188,74,-463,-282,-49,70,,,,0x008,,,,,,,,,,,,,,,,,,
33049564,20,-15,1006,-188,74,-463,-280,-49,70,,,,0x020,,,,,,,,,,,,,,,,,,
33078664,20,-15,1006,-205,65,-476,-280,-49,70,,,,0x010,,,,,,,,,,,,,,,,,,
33079293,19,-15,1006,-205,65,-476,-280,-49,70,,,,0x008,,,,,,,,,,,,,,,,,,
33150437,19,-15,1006,-205,65,-476,-288,-55,67,,,,0x020,,,,,,,,,,,,,,,,,,
33156438,20,-13,1006,-192,52,-476,-288,-55,67,,,,0x018,,,,,,,,,,,,,,,,,,
33233980,21,-16,1005,-183,52,-476,-288,-55,67,,,,0x018,,,,,,,,,,,,,,,,,,
33251340,21,-16,1005,-183,52,-476,-277,-55,60,,,,0x020,,,,,,,,,,,,,,,,,,
33311443,20,-14,1006,-170,70,-476,-277,-55,60,,,,0x018,,,,,,,,,,,,,,,,,,
33351903,20,-14,1006,-170,70,-476,-274,-60,63,,,,0x020,,,,,,,,,,,,,,,,,,
33388907,18,-14,1006,-196,65,-472,-274,-60,63,,,,0x018,,,,,,,,,,,,,,,,,,
33452770,18,-14,1006,-196,65,-472,-279,-55,82,,,,0x020,,,,,,,,,,,,,,,,,,
33466369,23,-14,1005,-201,35,-498,-279,-55,82,,,,0x018,,,,,,,,,,,,,,,,,,
33543910,16,-15,1006,-214,105,-476,-279,-55,82,,,,0x018,,,,,,,,,,,,,,,,,,
33553368,16,-15,1006,-214,105,-476,-277,-45,69,,,,0x020,,,,,,,,,,,,,,,,,,
33621374,20,-14,1006,-188,56,-481,-277,-45,69,,,,0x018,,,,,,,,,,,,,,,,,,
33654235,20,-14,1006,-188,56,-481,-277,-43,76,,,,0x020,,,,,,,,,,,,,,,,,,
33698835,20,-14,1006,-205,78,-503,-277,-43,76,,,,0x010,,,,,,,,,,,,,,,,,,
33699464,20,-16,1006,-205,78,-503,-277,-43,76,,,,0x008,,,,,,,,,,,,,,,,,,
